1.196429,1.156429
1.21,1.214286
1.157143,1.213571
1.103571,1.164286
1.071429,1.107857
1.076429,1.078571
1.128571,1.08
1.117857,1.135714
1.147143,1.110714
1.182143,1.15
1.118571,1.177857
1.156429,1.135
1.153571,1.156429
1.092857,1.153571
1.082857,1.104286
0.986429,1.082143
0.922143,1.013571
0.910714,0.938571
0.951429,0.911429
0.957143,0.971429
0.979286,0.982143
0.978571,0.979286
0.964286,0.988571
0.988571,0.963571
0.943571,1.009286
0.999286,0.960714
1.027857,1
1.172857,1.053571
1.214286,1.178571
1.276429,1.214286
1.175714,1.252143
1.160714,1.175
1.163571,1.161429
1.269286,1.154286
1.207857,1.278571
1.142857,1.242857
1.126429,1.152857
1.089286,1.145
1.149286,1.117143
1.16,1.152857
1.170714,1.135714
1.146429,1.176429
1.114286,1.146429
1.036429,1.125
0.871429,1.05
0.876429,0.896429
0.914286,0.893571
0.953571,0.928571
0.891429,0.95
0.777857,0.886429
0.775,0.778571
0.760714,0.795714
0.793571,0.760714
0.796429,0.796429
0.787143,0.798571
0.757143,0.802857
0.772857,0.767857
0.833571,0.775714
0.882857,0.837143
0.912857,0.892857
0.982143,0.925
0.946429,0.985
0.968571,0.952857
0.983571,0.973571
0.993571,0.993571
0.967857,0.996429
0.873571,0.967857
0.864286,0.861429
0.903571,0.832857
0.936429,0.914286
0.925,0.936429
0.928571,0.925714
0.917857,0.917857
0.914286,0.927857
0.901429,0.919286
0.945,0.900714
0.961429,0.938571
0.925,0.962857
0.878571,0.921429
0.857143,0.892143
0.83,0.863571
0.787857,0.836429
0.724286,0.785
0.707857,0.753571
0.711429,0.714286
0.717857,0.711429
0.732143,0.724286
0.782857,0.748571
0.72,0.776429
0.692857,0.707143
0.678571,0.709286
0.578571,0.688571
0.517857,0.569286
0.468571,0.517857
0.412143,0.45
0.405,0.410714
0.372857,0.41
0.506429,0.377857
0.470714,0.508571
0.534286,0.464286
0.55,0.542857
0.459286,0.529286
0.55,0.472143
0.682857,0.585714
0.636429,0.638571
0.625,0.635714
0.589286,0.625
0.579286,0.606429
0.642857,0.58
0.685714,0.664286
0.657143,0.675
0.641429,0.663571
0.640714,0.636429
0.638571,0.628571
0.671429,0.642857
0.651429,0.672143
0.629286,0.664286
0.592857,0.632143
0.610714,0.605
0.600714,0.607143
0.577857,0.6
0.641429,0.579286
0.618571,0.642857
0.65,0.642143
0.778571,0.648571
0.664286,0.72
0.717143,0.674286
0.785714,0.728571
0.786429,0.757143
0.792857,0.792857
0.749286,0.771429
0.751429,0.761429
0.775,0.75
0.761429,0.742857
0.770714,0.75
0.71,0.742857
0.785714,0.858571
0.782143,0.785
0.799286,0.795714
0.871429,0.8
0.897143,0.854286
0.900714,0.905714
0.892857,0.9
0.913571,0.898571
0.906429,0.914286
0.785,0.896429
0.771429,0.770714
0.764286,0.764286
0.732143,0.739286
0.707143,0.728571
0.696429,0.702143
0.690714,0.692857
0.713571,0.703571
0.786429,0.712857
0.817857,0.846429
0.772857,0.85
0.792857,0.785714
0.783571,0.771429
0.815,0.771429
0.838571,0.825
0.886429,0.835
0.867143,0.857857
0.86,0.871429
0.871429,0.849286
0.857143,0.907143
0.817143,0.842857
0.814286,0.826429
0.828571,0.812857
0.87,0.850714
0.880714,0.875
0.877143,0.864286
0.896429,0.859286
0.881429,0.9
0.902143,0.892857
0.942857,0.905714
0.914286,0.938571
0.878571,0.9
0.852857,0.875714
0.832143,0.854286
0.87,0.842857
0.890714,0.873571
0.927143,0.921429
0.948571,0.955
0.944286,0.950714
1.017143,0.952143
1.047143,1.022143
1.081429,1.058571
1.098571,1.106429
1.064286,1.1
1.002857,1.024286
1.046429,0.986429
1.039286,1.054286
1.178571,1.058571
1.222143,1.187857
1.14,1.207857
1.167857,1.142143
1.153571,1.168571
1.164286,1.165
1.149286,1.141429
1.123571,1.141429
1.107143,1.123571
1.075714,1.103571
1.160714,1.097143
1.182143,1.185714
1.285714,1.184286
1.339286,1.321429
1.374286,1.363571
1.345,1.389286
1.325,1.365
1.285714,1.305
1.375,1.285714
1.471429,1.385714
1.552143,1.464286
1.504286,1.553571
1.453571,1.442143
1.354286,1.464286
1.417143,1.428571
1.428571,1.442857
1.396429,1.44
1.425,1.442857
1.441429,1.420714
1.457143,1.482143
1.501429,1.463571
1.483571,1.5
1.442857,1.450714
1.439286,1.435714
1.469286,1.448571
1.568571,1.475
1.759286,1.692857
1.640714,1.748571
1.48,1.647143
1.572857,1.467143
1.510714,1.570714
1.582857,1.5
1.628571,1.579286
1.628571,1.635
1.607143,1.619286
1.616429,1.603571
1.669286,1.601429
1.658571,1.669286
1.687857,1.658571
1.634286,1.665
1.615714,1.635714
1.680714,1.635
1.796429,1.692857
1.748571,1.848571
1.747143,1.755714
1.699286,1.751429
1.485,1.664286
1.553571,1.525
1.513571,1.554286
1.613571,1.512857
1.58,1.633571
1.620714,1.575
1.614286,1.629286
1.628571,1.61
1.607143,1.630714
1.664286,1.607857
1.704286,1.663571
1.742857,1.722143
1.815,1.749286
1.686429,1.838571
1.642857,1.687143
1.621429,1.572857
1.603571,1.58
1.565714,1.585
1.371429,1.515
1.553571,1.388571
1.515,1.56
1.532857,1.526429
1.569286,1.528571
1.55,1.583571
1.535714,1.54
1.632143,1.528571
1.651429,1.678571
1.777143,1.658571
1.778571,1.785
1.825,1.792143
1.767857,1.828571
1.94,1.854286
1.982143,1.921429
1.914286,1.964286
1.959286,1.928571
1.968571,1.957143
1.922143,1.955
1.892143,1.900714
2.01,1.902857
1.884286,1.905
1.82,1.903571
1.805714,1.802857
1.725,1.822143
1.680714,1.725714
1.764286,1.680714
1.905,1.775714
1.885714,1.921429
1.93,1.863571
1.901429,1.896429
1.906429,1.910714
1.853571,1.910714
1.871429,1.875
1.782143,1.851429
1.782143,1.782143
1.736429,1.792857
1.668571,1.742857
1.649286,1.650714
1.677857,1.65
1.772857,1.667857
1.776429,1.780714
1.73,1.777143
1.781429,1.737143
1.785,1.792857
1.775,1.792857
1.845714,1.792143
1.98,1.836429
2.06,2.017857
2.057143,2.069286
2.005,2.036429
2.127857,1.992857
2.312143,2.142857
2.26,2.355714
2.380714,2.249286
2.403571,2.373571
2.378571,2.465714
2.392143,2.371429
2.467857,2.378571
2.48,2.444286
2.536429,2.475714
2.422143,2.521429
2.347857,2.428571
2.469286,2.339286
2.536429,2.482143
2.564286,2.646429
2.553571,2.585714
2.61,2.585714
2.642857,2.607143
2.770714,2.604286
2.795,2.796429
2.714286,2.805714
2.486429,2.706429
2.392143,2.435714
2.391429,2.322143
2.397143,2.413571
2.465,2.385714
2.926429,2.688571
2.867857,2.939286
2.954286,2.858571
3.146429,2.957857
3.071429,3.198571
3.076429,3.074286
3.189286,3.107143
3.345,3.171429
3.372857,3.368571
3.192857,3.385
3.703571,3.248571
3.723571,3.675
3.91,3.633571
3.892857,3.946429
3.746429,3.792857
3.723571,3.657857
3.713571,3.75
3.839286,3.688571
4.034286,3.903571
4.218571,4.107143
4.165,4.31
4.092857,4.202857
4.175,4.099286
4.257143,4.146429
4.194286,4.232143
3.630714,3.942857
3.348571,3.654286
3.328571,3.347857
3.359286,3.350714
3.588571,3.357143
3.464286,3.627857
3.340714,3.456429
3.19,3.310714
3.326429,3.228571
3.317143,3.328571
3.254286,3.179286
3.260714,3.317857
3.342857,3.243571
3.429286,3.367857
3.450714,3.447143
3.5,3.452143
3.621429,3.53
3.635714,3.603571
3.555,3.675
3.431429,3.570714
3.390714,3.403571
3.372143,3.375
3.245714,3.399286
3.217857,3.231429
3.388571,3.216429
3.343571,3.420714
3.237143,3.457143
3.2,3.212143
3.606429,3.179286
3.655,3.591429
3.647857,3.656429
3.712143,3.628571
3.919286,3.713571
4.07,3.936429
4.157143,4.064286
4.165,4.179286
4.056429,4.166429
3.906429,4.045714
3.916429,4.107143
3.992857,3.892857
4.257857,3.946429
4.445714,4.307143
4.432857,4.539286
4.428571,4.337143
4.575,4.445714
4.665,4.598571
4.65,4.642857
4.627857,4.637143
4.682857,4.639286
4.839286,4.698571
4.7,4.858571
5.547143,5.413571
5.535714,5.535714
5.447143,5.464286
5.370714,5.428571
5.135714,5.365714
5.053571,5.209286
5.243571,5.033571
5.195,5.3
5.135714,5.184286
4.975,5.089286
5.225714,4.960714
5.473571,5.235714
5.468571,5.517857
5.2,5.532143
5.14,5.157143
5.328571,5.195714
5.077143,5.37
5.04,5.157143
5.034286,5.068571
4.878571,5.097143
5.054286,4.832857
5.002857,4.842857
4.457143,4.502857
4.444286,4.44
4.8,4.402857
4.914286,4.857143
4.964286,4.907143
4.922857,4.964286
4.717143,4.92
4.668571,4.732857
4.752857,4.651429
4.568571,4.728571
4.45,4.577143
4.372857,4.434286
4.288571,4.348571
4.395714,4.342857
4.221429,4.332857
4.15,4.228571
4.36,4.207143
4.414286,4.347143
4.39,4.442857
4.178571,4.292857
4.071429,4.268571
4.047143,4.071429
4.228571,4.082857
4.138571,4.242857
4.77,4.392857
4.91,4.75
4.874286,4.928571
5.051429,5.155714
5.025714,5.171429
5.1,5.008571
5.085714,5.072857
5.09,5.105714
5.378571,5.257143
5.387143,5.422857
5.227143,5.432857
5.214286,5.142857
5.288571,5.228571
4.392857,4.652857
4.378571,4.275714
4.157143,4.422857
4.144286,4.2
4.254286,4.128571
4.23,4.3
4.087143,4.217143
4.005714,4.114286
3.954286,3.995714
3.721429,3.888571
3.622857,3.76
3.842857,3.614286
3.852857,3.805714
4.112857,3.878571
4.03,4.107143
3.905714,3.957143
3.855714,3.778571
4.2,4.092857
4.215714,4.2
4.384286,4.234286
4.391429,4.405714
4.357143,4.241429
4.428571,4.43
4.478571,4.512857
4.42,4.502857
4.465714,4.424286
4.564286,4.465714
4.585714,4.557143
4.648571,4.552857
4.742857,4.751429
4.702857,4.71
4.657143,4.627143
4.638571,4.7
4.45,4.628571
4.485714,4.482857
4.585714,4.531429
4.572857,4.57
4.471429,4.514286
4.455714,4.485714
4.221429,4.355714
4.247143,4.251429
4.32,4.242857
4.26,4.324286
4.221429,4.27
4.131429,4.221429
4.141429,4.178571
4.384286,4.125714
4.441429,4.471429
4.57,4.467143
4.857143,4.61
4.882857,4.978571
5.142857,5.08
5.135714,5.1
4.615714,4.97
4.788571,4.521429
4.764286,4.794286
4.558571,4.641429
4.775714,4.62
4.654286,4.761429
4.548571,4.675714
4.58,4.53
4.571429,4.607143
3.288571,3.834286
2.881429,3.128571
3.08,2.958571
2.857143,3.057143
2.891429,2.818571
2.895714,2.877143
2.722857,2.881429
2.908571,2.741429
2.89,2.932857
2.9,2.92
2.928571,2.87
2.88,2.834286
2.75,2.892857
2.504286,2.717143
2.442857,2.511429
2.415714,2.382857
2.345714,2.375714
2.448571,2.39
2.301429,2.334286
2.197143,2.27
2.14,2.185714
2.197143,2.124286
2.224286,2.244286
2.248571,2.241429
2.264286,2.274286
2.262857,2.264286
2.272857,2.31
2.208571,2.275714
2.238571,2.221429
2.177143,2.228571
2.164286,2.195714
2.064286,2.145714
1.992857,2.054286
2.038571,2.001429
2.121429,2.014286
2.051429,2.127143
2.201429,2.394286
2.152857,2.232857
2.154286,2.142857
2.134286,2.164286
2.26,2.157143
2.331429,2.285714
2.271429,2.341429
2.441429,2.308571
2.427143,2.455714
2.537143,2.471429
2.501429,2.574286
2.407143,2.52
2.4,2.41
2.378571,2.425714
2.334286,2.355714
2.341429,2.325714
2.34,2.298571
2.202857,2.32
2.332857,2.492857
2.464286,2.472857
2.578571,2.77
2.564286,2.495714
2.505714,2.545714
2.394286,2.471429
2.49,2.404286
2.468571,2.565714
2.478571,2.504286
2.49,2.491429
1.471429,1.432857
1.41,1.514286
1.418571,1.422857
1.442857,1.427143
1.438571,1.474286
1.4,1.442857
1.427143,1.417143
1.372857,1.42
1.382857,1.341429
1.37,1.407143
1.352857,1.364286
1.347143,1.354286
1.415714,1.341429
1.445714,1.455714
1.51,1.464286
1.56,1.534286
1.551429,1.601429
1.522857,1.547143
1.482857,1.528571
1.535714,1.5
1.551429,1.525714
1.604286,1.582857
1.545714,1.514286
1.494286,1.508571
1.702857,1.687143
1.607143,1.687143
1.615714,1.587143
1.564286,1.617143
1.622857,1.56
1.621429,1.634286
1.631429,1.657143
1.625714,1.644286
1.607143,1.631429
1.621429,1.594286
1.614286,1.621429
1.6,1.614286
1.667143,1.6
1.615714,1.704286
1.675714,1.61
1.677143,1.712857
1.825714,1.727143
1.8,1.814286
1.831429,1.855714
1.908571,1.847143
1.854286,1.928571
1.814286,1.894286
1.8,1.861429
1.671429,1.682857
1.647143,1.688571
1.657143,1.692857
1.728571,1.638571
1.804286,1.785714
1.811429,1.804286
1.761429,1.83
1.702857,1.8
1.665714,1.702857
1.6,1.677143
1.578571,1.6
1.588571,1.587143
1.61,1.585714
1.572857,1.628571
1.535714,1.598571
1.551429,1.564286
1.618571,1.591429
1.614286,1.627143
1.581429,1.622857
1.584286,1.588571
1.577143,1.572857
1.591429,1.572857
1.618571,1.811429
1.575714,1.587143
1.601429,1.567143
1.634286,1.602857
1.642857,1.62
1.64,1.631429
1.602857,1.631429
1.7,1.621429
1.717143,1.705714
1.647143,1.704286
1.642857,1.644286
1.638571,1.65
1.618571,1.634286
1.592857,1.618571
1.594286,1.614286
1.607143,1.607143
1.564286,1.595714
1.5,1.582857
1.525714,1.5
1.458571,1.514286
1.455714,1.467143
1.485714,1.45
1.57,1.527143
1.528571,1.582857
1.541429,1.528571
1.525714,1.542857
1.508571,1.527143
1.528571,1.514286
1.512857,1.527143
1.445714,1.511429
1.43,1.442857
1.412857,1.424286
1.347143,1.427143
1.357143,1.345714
1.314286,1.352857
1.31,1.301429
1.314286,1.317143
1.314286,1.321429
1.33,1.321429
1.307143,1.335714
1.312857,1.3
1.29,1.301429
1.397143,1.378571
1.442857,1.404286
1.464286,1.447143
1.55,1.465714
1.547143,1.557143
1.565714,1.565714
1.545714,1.502857
1.585714,1.561429
1.605714,1.577143
1.715714,1.625714
1.698571,1.72
1.667143,1.672857
1.73,1.675714
1.711429,1.747143
1.67,1.797143
1.618571,1.684286
1.66,1.627143
1.635714,1.657143
1.735714,1.678571
1.6,1.622857
1.642857,1.614286
1.614286,1.635714
1.642857,1.61
1.644286,1.615714
1.65,1.652857
1.652857,1.647143
1.648571,1.635714
1.657143,1.66
1.634286,1.648571
1.652857,1.635714
1.658571,1.642857
1.654286,1.645714
1.85,1.65
1.975714,1.857143
2.04,1.955714
2.121429,2.068571
2.068571,2.1
2.214286,2.065714
2.304286,2.704286
2.275714,2.294286
2.221429,2.255714
2.062857,2.201429
2.077143,2.05
2.091429,2.092857
2.078571,2.101429
2.041429,2.077143
2.071429,2.028571
2.125714,2.061429
2.095714,2.15
2.174286,2.078571
2.142857,2.185714
2.122857,2.151429
2.235714,2.15
2.415714,2.235714
2.38,2.385714
2.428571,2.358571
2.45,2.425714
2.518571,2.457143
2.46,2.521429
2.455714,2.428571
2.38,2.44
2.36,2.327143
2.292857,2.352857
2.252857,2.285714
2.284286,2.264286
2.297143,2.33
2.334286,2.3
2.344286,2.33
2.364286,2.342857
2.348571,2.337143
2.39,2.34
2.418571,2.344286
2.387143,2.428571
2.458571,2.401429
2.407143,2.457143
2.361429,2.421429
2.357143,2.37
2.342857,2.347143
2.325714,2.295714
2.341429,2.334286
2.412857,2.315714
2.378571,2.412857
2.342857,2.392857
2.422857,2.342857
2.715714,2.86
2.788571,2.708571
2.701429,2.8
2.651429,2.72
2.762857,2.67
2.795714,2.771429
2.984286,2.795714
2.948571,2.977143
2.995714,2.95
3.108571,3.015714
3.048571,3.171429
2.981429,3.034286
3,2.985714
3.157143,2.964286
3.138571,3.124286
3.177143,3.148571
3.127143,3.185714
3.058571,3.112857
3.054286,3.058571
3.064286,3.07
3.014286,3.051429
3.005714,2.992857
3.008571,3.008571
3.027143,2.99
3.134286,3.007143
3.057143,3.131429
3.08,3.065714
3.064286,3.08
3.077143,3.127143
3.251429,3.077143
3.227143,3.25
3.441429,3.237143
3.567143,3.474286
3.601429,3.597143
3.481429,3.615714
3.381429,3.485714
3.345714,3.382857
3.457143,3.36
3.324286,3.478571
3.311429,3.331429
3.238571,3.314286
3.374286,3.228571
3.452857,3.38
3.424286,3.445714
3.471429,3.57
3.462857,3.515714
3.485714,3.524286
3.712857,3.511429
3.805714,3.711429
3.855714,3.865714
3.712857,3.817143
3.668571,3.685714
3.892857,3.73
4.098571,3.914286
4.03,4.142857
3.93,4.024286
3.985714,3.934286
4.108571,4.057143
4.157143,4.114286
3.921429,4.171429
4.05,3.872857
3.661429,3.892857
3.735714,3.701429
3.852857,3.782857
3.915714,3.842857
3.568571,3.885714
3.7,3.674286
3.754286,3.732857
3.772857,3.678571
3.668571,3.72
3.874286,3.632857
3.868571,3.912857
3.941429,3.871429
3.972857,3.955714
4.08,4
4.021429,4.085714
4.221429,4.214286
4.295714,4.221429
4.145714,4.3
3.992857,4.135714
3.962857,4.004286
4.107143,3.978571
4.06,4.141429
4.101429,4.04
4.171429,4.065714
4.145714,4.145714
4.178571,4.145714
3.94,4.071429
3.857143,3.931429
3.934286,3.861429
3.872857,3.964286
3.955714,3.86
3.957143,3.928571
3.964286,3.957143
3.911429,3.961429
3.928571,3.891429
3.677143,3.897143
3.585714,3.678571
3.435714,3.492857
3.49,3.454286
3.705714,3.571429
3.757143,3.735714
3.66,3.767143
3.587143,3.657143
3.912857,3.777143
3.942857,3.945714
3.961429,3.935714
3.854286,3.97
3.885714,3.861429
3.892857,3.882857
3.865714,3.867143
3.721429,3.865714
3.571429,3.642857
3.561429,3.552857
3.575714,3.56
3.571429,3.572857
3.632857,3.557143
3.55,3.621429
3.674286,3.54
3.651429,3.661429
3.68,3.615714
3.55,3.644286
3.631429,3.548571
3.352857,3.55
3.325714,3.371429
3.534286,3.348571
4.084286,4.082857
4.142857,4.072857
3.974286,4.072857
3.942857,4.002857
3.935714,3.935714
3.872857,3.907143
3.728571,3.864286
3.73,3.714286
3.754286,3.75
3.702857,3.77
3.591429,3.695714
3.511429,3.572857
3.632857,3.521429
3.604286,3.637143
3.512857,3.571429
3.564286,3.492857
3.592857,3.554286
3.568571,3.584286
3.677143,3.6
3.767143,3.678571
3.672857,3.754286
3.711429,3.664286
3.79,3.748571
3.83,3.79
3.835714,3.83
3.83,3.807143
3.822857,3.8
3.66,3.84
3.637143,3.638571
3.59,3.642857
3.607143,3.587143
3.65,3.587143
3.585714,3.581429
3.631429,3.578571
3.587143,3.602857
3.638571,3.578571
3.738571,3.645714
3.868571,3.764286
3.881429,3.892857
4.007143,3.867143
4.041429,4.011429
4.095714,4.024286
4.127143,4.057143
4.004286,4.141429
4.172857,4.018571
4.091429,4.158571
4.141429,4.071429
4.018571,4.141429
3.915714,4.007143
4.094286,3.85
4.035714,4.082857
3.991429,4.035714
4.035714,3.985714
4.074286,4.057143
4.102857,4.095714
4.17,4.082857
4.171429,4.142857
4.257143,4.18
4.44,4.252857
4.444286,4.437143
4.4,4.434286
4.462857,4.405714
4.525714,4.715714
4.497143,4.518571
4.47,4.541429
4.234286,4.277143
4.228571,4.265714
4.314286,4.228571
4.244286,4.32
4.284286,4.23
4.328571,4.277143
4.285714,4.327143
4.388571,4.458571
4.415714,4.39
4.251429,4.402857
4.227143,4.25
4.064286,4.192857
4.094286,4.071429
4.012857,4.101429
3.958571,4.005714
3.981429,3.95
4,3.962857
3.99,4.034286
3.991429,3.971429
4.107143,3.992857
4.118571,4.114286
3.928571,4.097143
3.955714,3.954286
4.072857,3.945714
3.992857,4.071429
3.897143,3.967143
3.841429,3.912857
3.771429,3.841429
3.968571,3.738571
3.932857,3.975714
3.868571,3.918571
3.934286,3.842857
3.998571,3.957143
3.957143,4.002857
3.874286,3.951429
4.002857,3.905714
3.868571,3.948571
3.881429,3.888571
3.952857,4.007143
3.905714,3.93
3.957143,3.924286
3.844286,3.965714
3.794286,3.874286
3.88,3.8
3.887143,3.892857
3.891429,3.908571
3.805714,3.854286
3.802857,3.795714
3.807143,3.795714
3.778571,3.822857
3.618571,3.747143
3.512857,3.622857
3.557143,3.48
3.455714,3.542857
3.401429,3.428571
3.342857,3.397143
3.384286,3.327143
3.335714,3.387143
3.292857,3.324286
3.394286,3.295714
2.682857,2.712857
2.718571,2.735714
2.888571,2.757143
2.978571,2.888571
2.955714,2.985714
2.928571,2.962857
2.977143,2.971429
2.912857,2.964286
2.994286,2.94
2.954286,3
2.9,2.971429
2.88,2.914286
2.878571,2.86
2.84,2.882857
2.844286,2.842857
2.85,2.862857
2.824286,2.86
2.861429,2.8
2.835714,2.871429
2.788571,2.841429
2.677143,2.771429
2.668571,2.678571
2.652857,2.66
2.674286,2.638571
2.75,2.695714
2.765714,2.761429
2.87,2.784286
2.86,2.885714
2.86,2.861429
2.89,2.874286
3.002857,2.978571
2.902857,2.98
2.891429,2.891429
2.945714,2.858571
3.107143,2.952857
3.18,3.071429
3.211429,3.161429
3.245714,3.235714
3.19,3.264286
3.135714,3.178571
3.21,3.167143
3.275714,3.205714
3.287143,3.277143
3.3,3.325714
3.282857,3.321429
3.312857,3.285714
3.301429,3.321429
3.254286,3.315714
3.258571,3.255714
3.291429,3.258571
3.314286,3.28
3.407143,3.335714
3.444286,3.407143
3.428571,3.455714
3.374286,3.441429
3.34,3.351429
3.344286,3.328571
3.314286,3.362857
3.317143,3.334286
3.247143,3.314286
3.198571,3.257143
3.162857,3.182857
3.177143,3.16
3.297143,3.181429
3.91,3.901429
3.962857,3.948571
3.964286,3.964286
3.941429,3.95
3.987143,3.952857
3.951429,4
3.935714,3.958571
3.814286,3.89
3.814286,3.82
3.894286,3.828571
3.948571,3.85
4.125714,3.935714
4.131429,4.118571
4.197143,4.151429
4.212857,4.22
4.155714,4.237143
4.25,4.144286
4.181429,4.242857
4.131429,4.181429
4.154286,4.131429
4.181429,4.178571
4.227143,4.194286
4.194286,4.171429
4.138571,4.172857
4.12,4.104286
4.17,4.144286
4.182857,4.138571
4.208571,4.195714
4.132857,4.2
4.141429,4.161429
4.068571,4.11
3.961429,4.06
3.95,3.964286
4.067143,4.037143
4.052857,4.067143
4.057143,4.084286
3.965714,3.857143
3.942857,3.914286
3.805714,3.942857
3.865714,3.79
3.908571,3.857143
3.827143,3.901429
3.742857,3.814286
3.834286,3.734286
3.784286,3.857143
3.728571,3.761429
3.694286,3.722857
3.801429,3.714286
3.621429,3.772857
3.544286,3.62
3.404286,3.545714
3.427143,3.427143
3.438571,3.424286
3.462857,3.422857
3.244286,3.408571
3.248571,3.464286
3.261429,3.26
3.178571,3.251429
3.222857,3.174286
3.128571,3.264286
3.108571,3.114286
3.25,3.128571
3.321429,3.415714
3.307143,3.365714
3.221429,3.18
3.275714,3.234286
3.258571,3.254286
3.247143,3.268571
3.262857,3.25
3.228571,3.285714
3.188571,3.214286
3.271429,3.178571
3.392857,3.354286
3.301429,3.397143
3.304286,3.29
3.271429,3.318571
3.228571,3.271429
3.214286,3.211429
3.267143,3.217143
3.358571,3.278571
3.341429,3.36
3.392857,3.345714
3.361429,3.394286
3.304286,3.387143
3.157143,3.252857
3.218571,3.158571
3.261429,3.194286
3.184286,3.261429
3.008571,3.144286
3.062857,3.035714
3.025714,3.071429
3.034286,3.03
3.008571,3.071429
3.011429,3
2.935714,3
3.015714,2.93
3.022857,3.024286
3.002857,3.021429
3.051429,3.015714
3.211429,3.052857
3.292857,3.221429
3.3,3.285714
3.39,3.285714
3.322857,3.392857
3.368571,3.332857
3.34,3.374286
3.35,3.344286
3.312857,3.344286
3.354286,3.328571
3.397143,3.365714
3.504286,3.411429
3.457143,3.491429
3.477143,3.461429
3.551429,3.497143
3.514286,3.531429
3.514286,3.492857
3.514286,3.51
3.502857,3.528571
3.422857,3.514286
3.1,3.028571
3.072857,3.018571
3.157143,3.142857
3.104286,3.147143
3.088571,3.107143
3.08,3.101429
3.161429,3.071429
3.172857,3.171429
3.167143,3.171429
3.164286,3.161429
3.158571,3.131429
3.184286,3.147143
3.165714,3.221429
3.174286,3.165714
3.162857,3.155714
3.158571,3.144286
3.13,3.144286
3.151429,3.108571
3.137143,3.144286
3.107143,3.134286
3.102857,3.108571
3.117143,3.081429
3.134286,3.121429
3.214286,3.13
3.285714,3.208571
3.312857,3.284286
3.22,3.295714
3.217143,3.23
3.121429,3.151429
3.151429,3.092857
3.128571,3.142857
3.081429,3.12
3.068571,3.055714
3.055714,3.052857
3.228571,3.048571
3.418571,3.257143
3.347143,3.428571
3.132857,3.178571
2.868571,3.002857
2.774286,2.785714
2.74,2.771429
2.815714,2.864286
2.86,2.917143
2.847143,2.891429
2.792857,2.882857
2.855714,2.791429
2.811429,2.86
2.802857,2.821429
2.788571,2.851429
2.968571,2.791429
2.835714,2.955714
2.77,2.867143
2.782857,2.785714
2.824286,2.801429
2.831429,2.85
2.912857,2.834286
2.918571,2.928571
2.874286,2.915714
2.858571,2.891429
2.872857,2.858571
2.877143,2.86
2.865714,2.891429
2.887143,2.861429
2.874286,2.891429
2.848571,2.857143
2.804286,2.848571
2.467143,2.577143
2.295714,2.368571
2.385714,2.378571
2.548571,2.384286
2.442857,2.551429
2.484286,2.444286
2.461429,2.528571
2.451429,2.464286
2.444286,2.45
2.367143,2.457143
2.422857,2.46
2.478571,2.492857
2.567143,2.49
2.538571,2.432857
2.555714,2.557143
2.48,2.571429
2.494286,2.475714
2.491429,2.504286
2.414286,2.45
2.462857,2.564286
2.452857,2.498571
2.471429,2.478571
2.49,2.498571
2.464286,2.471429
2.542857,2.455714
2.448571,2.534286
2.425714,2.451429
2.5,2.435714
2.457143,2.467143
2.502857,2.478571
2.591429,2.568571
2.56,2.58
2.57,2.537143
2.577143,2.527143
2.485714,2.572857
2.524286,2.477143
2.48,2.514286
2.477143,2.471429
2.531429,2.465714
2.63,2.621429
2.747143,2.642857
2.805714,2.785714
2.782857,2.742857
2.741429,2.821429
2.755714,2.742857
3.001429,2.757143
3.134286,3
3.051429,3.111429
2.964286,3.057143
3.031429,2.957143
3.028571,3.035714
3.011429,3.002857
3.02,2.982857
3.142857,3.032857
3.181429,3.11
3.255714,3.178571
3.345714,3.238571
3.272857,3.344286
3.285714,3.264286
3.422857,3.414286
3.424286,3.464286
3.468571,3.4
3.432857,3.415714
3.32,3.47
3.287143,3.25
3.712857,3.684286
3.607143,3.612857
3.618571,3.588571
3.602857,3.65
3.767143,3.677143
3.777143,3.734286
3.781429,3.782857
3.755714,3.781429
3.751429,3.721429
3.787143,3.721429
3.89,3.777143
3.84,3.842857
3.884286,3.82
3.607143,3.832857
3.501429,3.592857
3.63,3.514286
3.548571,3.655714
3.437143,3.531429
3.4,3.434286
3.315714,3.367143
3.232857,3.275714
3.078571,3.217143
3.107143,3.104286
3.067143,3.107143
3.191429,3.087143
3.287143,3.214286
3.302857,3.26
3.3,3.364286
3.397143,3.428571
3.392857,3.397143
3.418571,3.331429
3.414286,3.354286
3.367143,3.412857
3.355714,3.37
3.328571,3.357143
3.308571,3.392857
3.291429,3.27
3.36,3.28
3.3,3.33
3.454286,3.324286
3.552857,3.44
3.891429,3.574286
4.014286,3.984286
3.987143,4.014286
4.1,3.958571
3.921429,4
3.847143,3.921429
3.802857,3.85
3.764286,3.794286
3.724286,3.991429
3.515714,3.72
3.554286,3.53
3.328571,3.542857
3.285714,3.315714
3.528571,3.234286
3.344286,3.5
3.252857,3.408571
3.15,3.231429
3.152857,3.078571
3.11,3.131429
3.121429,3.115714
3.175714,3.032857
3.394286,3.15
3.134286,3.377143
3.11,3.182857
3.284286,3.162857
3.308571,3.295714
3.277143,3.338571
3.592857,3.221429
3.627143,3.544286
3.698571,3.627143
3.608571,3.64
3.717143,3.685714
3.835714,3.658571
3.84,3.778571
3.841429,3.851429
3.842857,3.855714
3.901429,3.867143
3.821429,3.845714
3.8,3.792857
3.827143,3.761429
3.924286,3.781429
3.981429,3.928571
3.971429,3.957143
4,3.958571
4.142857,3.972857
4.632857,4.37
4.505714,4.517143
4.511429,4.547143
4.42,4.535714
4.502857,4.365714
4.585714,4.525714
4.374286,4.522857
4.465714,4.36
4.744286,4.571429
4.725714,4.785714
4.862857,4.735714
4.887143,4.794286
4.751429,4.907143
4.712857,4.687143
5,4.822857
4.981429,4.998571
5.177143,5.428571
5.452857,5.334286
5.302857,5.491429
5.408571,5.285714
5.194286,5.317143
5.084286,5.191429
4.95,5.167143
5.215714,5.071429
5.192857,5.164286
5.332857,5.114286
5.172857,5.357143
5.128571,5.231429
5.271429,5.215714
5.202857,5.298571
5.224286,5.151429
5.072857,5.178571
5.111429,5.142857
5.211429,5.142857
5.567143,5.261429
5.814286,5.557143
5.508571,5.818571
5.617143,5.508571
4.285714,4.815714
4.465714,4.302857
4.717143,4.437143
4.851429,4.738571
4.722857,4.74
4.597143,4.664286
4.568571,4.574286
4.428571,4.524286
4.442857,4.437143
4.428571,4.464286
4.42,4.414286
4.308571,4.385714
4.307143,4.33
4.388571,4.287143
4.387143,4.385714
4.38,4.375714
4.342857,4.38
4.275714,4.318571
4.522857,4.312857
4.425714,4.505714
4.518571,4.695714
4.527143,4.597143
4.53,4.508571
4.458571,4.507143
4.575714,4.46
4.445714,4.574286
4.335714,4.32
4.337143,4.351429
4.412857,4.334286
4.552857,4.428571
4.624286,4.524286
4.738571,4.608571
4.545714,4.691429
4.447143,4.545714
4.375714,4.392857
4.318571,4.364286
4.43,4.324286
4.602857,4.48
4.56,4.571429
4.471429,4.564286
4.311429,4.444286
4.585714,4.288571
4.485714,4.608571
4.23,4.5
4.142857,4.248571
4.228571,4.164286
4.111429,4.214286
3.82,4.102857
3.724286,3.787143
3.871429,3.828571
3.892857,3.858571
3.897143,3.857143
4.035714,3.928571
4.058571,4.048571
4.088571,4.058571
3.978571,4.067143
3.887143,3.931429
3.972857,3.901429
3.958571,3.944286
4.015714,3.922857
3.968571,3.995714
3.871429,3.972857
3.907143,3.861429
3.888571,3.908571
3.997143,3.884286
3.818571,3.947143
3.978571,4.055714
4.09,4
4.434286,4.127143
4.361429,4.421429
4.412857,4.34
4.174286,4.364286
4.261429,4.237143
4.27,4.327143
4.285714,4.254286
4.351429,4.235714
4.435714,4.357143
4.6,4.405714
4.401429,4.618571
4.451429,4.382857
4.548571,4.414286
4.465714,4.575714
4.37,4.475714
4.301429,4.347143
4.36,4.308571
4.285714,4.278571
4.378571,4.3
4.277143,4.348571
4.298571,4.274286
4.377143,4.272857
4.445714,4.334286
4.405714,4.448571
4.405714,4.452857
4.415714,4.44
4.267143,4.377143
4.237143,4.205714
4.307143,4.31
4.105714,4.297143
4.107143,4.145714
4.118571,4.025714
4.207143,4.047143
4.015714,4.168571
4.065714,3.962857
4.122857,4.045714
4.434286,4.08
4.562857,4.571429
4.53,4.485714
4.504286,4.548571
4.538571,4.501429
4.71,4.555714
4.695714,4.608571
4.514286,4.617143
4.411429,4.574286
4.291429,4.332857
4.185714,4.257143
4.138571,4.172857
3.784286,3.714286
3.187143,3.831429
3.248571,3.132857
3.277143,3.25
3.47,3.187143
3.628571,3.608571
3.434286,3.751429
3.215714,3.412857
3.35,3.274286
3.328571,3.237143
3.4,3.434286
2.978571,3.357143
2.957143,2.965714
2.97,2.894286
2.707143,2.858571
2.562857,2.712857
2.938571,2.62
3.108571,2.91
3.254286,3.278571
3.537143,3.264286
3.337143,3.502857
3.432857,3.385714
3.284286,3.428571
3.068571,3.212857
3.122857,3.078571
3.075714,3.171429
3.145714,3.062857
2.957143,3.105714
3.48,2.934286
3.147143,3.415714
3.035714,3.155714
3.064286,3.061429
2.935714,3.07
2.674286,2.892857
2.855714,2.714286
3.172857,2.872857
3.09,3.142857
3.267143,3.042857
3.282857,3.19
3.148571,3.171429
3.315714,3.198571
3.401429,3.231429
3.31,3.284286
3.61,3.292857
3.644286,3.571429
4.012857,3.598571
4.068571,4.041429
4.02,3.978571
4.072857,4.048571
4.07,3.928571
4.092857,4.142857
4.112857,4.077143
4.034286,4.085714
3.955714,4.111429
3.988571,4.038571
3.878571,3.992857
3.915714,3.868571
4.065714,3.875714
3.99,4.105714
4.094286,4.038571
4.27,4.108571
4.267143,4.217143
4.562857,4.327143
4.705714,4.591429
4.672857,4.715714
4.735714,4.618571
4.608571,4.77
4.458571,4.601429
4.42,4.432857
4.22,4.362857
4.517143,4.182857
4.465714,4.561429
4.261429,4.428571
4.384286,4.325714
4.405714,4.264286
4.348571,4.331429
4.307143,4.342857
4.974286,4.72
5.165714,4.998571
5.268571,5.057143
5.162857,5.135714
5.278571,5.08
5.248571,5.27
5.264286,5.285714
5.352857,5.085714
5.285714,5.26
5.277143,5.262857
5.167143,5.23
5.167143,5.144286
5.418571,5.242857
5.505714,5.428571
5.317143,5.43
5.285714,5.341429
5.298571,5.237143
5.257143,5.232857
5.082857,5.265714
5.151429,5.088571
5.112857,5.227143
5.111429,5.072857
5.177143,5.111429
4.907143,5.057143
5.194286,4.898571
5.387143,5.297143
5.414286,5.245714
5.454286,5.497143
5.5,5.458571
5.5,5.601429
5.355714,5.512857
5.708571,5.258571
5.624286,5.704286
5.522857,5.668571
5.827143,5.535714
5.945714,5.814286
5.93,6.064286
5.95,5.972857
6.2,5.95
6.202857,6.145714
5.937143,6.175714
5.964286,5.958571
5.668571,5.891429
6.004286,5.644286
6.131429,6.03
6.124286,6.111429
6.161429,6.252857
6.152857,6.152857
6.357143,6.141429
6.242857,6.35
6.325714,6.301429
6.707143,6.362857
7.06,6.707143
6.828571,6.947143
6.655714,6.757143
6.895714,6.678571
6.975714,6.871429
7.087143,6.968571
6.657143,7.062857
6.554286,6.582857
6.474286,6.54
6.104286,6.218571
6.624286,6.277143
6.597143,6.537143
6.461429,6.5
6.472857,6.474286
6.354286,6.464286
6.42,6.36
6.444286,6.418571
6.141429,6.448571
5.71,6.077143
5.745714,5.717143
5.657143,5.648571
5.761429,5.664286
5.378571,5.714286
5.297143,5.345714
5.5,5.378571
5.538571,5.57
5.661429,5.588571
5.75,5.744286
5.587143,5.714286
5.542857,5.65
5.727143,5.514286
5.561429,5.721429
5.505714,5.531429
5.631429,5.54
5.848571,5.712857
5.881429,5.834286
5.785714,5.84
5.815714,5.764286
5.598571,5.757143
5.544286,5.55
5.572857,5.61
5.408571,5.652857
5.391429,5.4
5.405714,5.361429
5.451429,5.351429
5.404286,5.474286
5.771429,5.642857
5.901429,5.857143
5.941429,5.918571
5.792857,5.907143
5.652857,5.714286
5.655714,5.682857
5.872857,5.627143
5.767143,5.902857
5.885714,5.797143
5.905714,5.927143
5.802857,5.94
5.702857,5.845714
5.682857,5.641429
5.542857,5.678571
5.528571,5.521429
5.707143,5.615714
5.724286,5.625714
6.027143,5.714286
6.185714,6.061429
6.344286,6.258571
6.304286,6.257143
6.305714,6.302857
6.402857,6.358571
6.397143,6.404286
6.468571,6.378571
6.637143,6.547143
6.028571,6.321429
5.957143,6.015714
6.048571,5.841429
6.1,6.014286
6.23,6.081429
6.277143,6.194286
6.424286,6.335714
6.311429,6.4
6.33,6.338571
6.214286,6.285714
6.428571,6.328571
6.542857,6.411429
6.584286,6.55
6.611429,6.585714
6.611429,6.574286
6.355714,6.584286
6.158571,6.255714
6.221429,6.154286
6.41,6.257143
6.425714,6.381429
6.442857,6.487143
6.331429,6.474286
6.351429,6.402857
6.281429,6.331429
6.25,6.241429
6.317143,6.361429
6.232857,6.305714
6.021429,6.17
5.968571,5.955714
5.755714,5.901429
5.85,5.725714
5.925714,5.9
6.175714,5.914286
6.214286,6.144286
6.094286,6.251429
6.182857,6.078571
6.424286,6.28
6.685714,6.47
6.634286,6.615714
6.771429,6.585714
6.785714,6.667143
6.818571,6.842857
6.692857,6.85
6.66,6.735714
6.608571,6.614286
6.567143,6.591429
6.608571,6.574286
6.595714,6.687143
6.374286,6.535714
6.388571,6.362857
6.488571,6.428571
6.595714,6.495714
6.607143,6.574286
6.577143,6.59
6.701429,6.62
6.58,6.711429
6.641429,6.58
6.867143,6.702857
7.192857,6.754286
6.998571,7.08
7.114286,7.121429
6.994286,7.227143
6.835714,7.005714
7.09,6.867143
7.841429,7.115714
7.881429,7.965714
7.748571,7.89
7.648571,7.827143
7.902857,7.67
7.635714,7.858571
7.685714,7.597143
7.678571,7.595714
7.737143,7.727143
8.055714,7.705714
7.98,7.851429
8.171429,7.948571
8.342857,8.13
8.491429,8.444286
8.312857,8.492857
8.475714,8.321429
8.494286,8.508571
8.678571,8.518571
8.732857,8.687143
8.608571,8.671429
8.567143,8.518571
8.625714,8.642857
8.524286,8.345714
8.46,8.524286
8.264286,8.187143
8.375714,8.278571
8.318571,8.215714
8.428571,8.337143
8.284286,8.441429
8.032857,8.301429
7.987143,8.14
7.988571,7.924286
7.994286,8.01
8.105714,7.951429
7.957143,8.118571
8.058571,8.055714
8.131429,8.022857
7.868571,8.101429
7.675714,7.794286
7.61,7.701429
7.708571,7.604286
7.658571,7.714286
8.121429,7.735714
8.127143,8.135714
8.191429,8.102857
8.14,8.26
7.947143,8.144286
7.87,7.947143
7.64,7.931429
7.358571,7.652857
7.617143,7.361429
7.485714,7.731429
7.614286,7.498571
7.604286,7.66
7.481429,7.528571
7.708571,7.612857
7.284286,7.518571
7.278571,7.245714
7.314286,7.25
7.32,7.265714
7.312857,7.217143
7.27,7.297143
7.018571,7.292857
7.135714,6.96
7.281429,7.142857
9.005714,8.812857
8.892857,8.962857
8.718571,8.83
8.835714,8.707143
8.85,8.835714
8.62,8.764286
8.691429,8.595714
8.7,8.705714
8.875714,8.722857
8.784286,8.872857
9.051429,8.744286
9.025714,9
9.265714,9.088571
9.215714,9.255714
9.442857,9.13
9.521429,9.407143
9.324286,9.577143
9.192857,9.265714
9.241429,9.244286
9.372857,9.141429
9.435714,9.38
9.957143,9.431429
9.854286,9.998571
9.65,9.447143
9.715714,9.6
9.664286,9.75
9.811429,9.712857
9.991429,9.742857
10.182857,10.038571
10.17,10.157143
9.997143,10.021429
9.942857,9.997143
10.09,9.935714
10.131429,10.128571
10.077143,10.101429
10.064286,10.1
10.412857,10.05
10.422857,10.428571
10.338571,10.418571
10.505714,10.382857
10.614286,10.504286
10.557143,10.7
10.722857,10.7
10.534286,10.614286
10.714286,10.517143
11.427143,10.797143
11.91,11.488571
11.39,11.727143
11.69,11.324286
11.774286,11.584286
11.882857,11.757143
12.34,11.897143
12.51,12.422857
12.404286,12.464286
12.187143,12.351429
12.114286,12.178571
12.438571,12.154286
12.425714,12.635714
14.321429,13
14.247143,14.287143
15.452857,14.348571
14.581429,15.01
14.198571,14.504286
14.738571,14.401429
14.128571,14.835714
14.57,14.28
14.194286,14.288571
14.032857,13.93
13.852857,13.871429
13.012857,13.857143
13.928571,13.747143
14.26,13.664286
15.404286,14.527143
15.715714,15.492857
14.365714,15.071429
15.192857,14.495714
14.572857,15.055714
14.372857,14.434286
13.57,13.821429
14.21,13.061429
14.517143,14.482857
15,13.928571
14.971429,15.35
15.551429,15.428571
15.878571,15.552857
15.327143,15.608571
15.825714,15.557143
15.978571,15.991429
15.682857,15.697143
15.594286,15.685714
15.761429,15.867143
16.49,16.139999
16.951429,16.860001
17.241428,16.782858
18.115713,17.628571
17.642857,17.857143
17.809999,17.542856
17.98,17.935715
18.059999,17.99
16.998571,18.005714
16.632856,17.074286
16.824286,16.821428
16.464287,16.697144
16.854286,16.487143
16.80143,16.952856
16.082857,16.488571
15.521429,15.712857
15.665714,15.542857
15.297143,15.808571
15.324286,15.628571
16.927143,15.545714
16.71143,17.145714
16.790001,16.597143
17.054285,16.85
17.274286,17.345715
17.571428,17.217142
17.30143,17.38143
16.912857,17.242857
16.985714,16.824286
17.19857,16.735714
17.092857,17.435715
14.794286,15.642857
15.385714,14.997143
14.684286,15.501429
14.87,15
14.33,14.827143
14.002857,14.36
14.65,14.241429
14.554286,14.86
14.915714,14.437143
15.447143,14.995714
15.79,15.318571
16.902857,15.527143
16.700001,16.857143
17.85857,16.200001
18.067142,17.431429
19.007143,17.77857
18.894285,18.917143
19.602858,18.805714
18.995714,19.928572
17.957144,18.428572
18.32,17.678572
18.565714,18.24
18.128571,18.642857
17.325714,17.940001
17.75,17.144285
17.977142,17.984285
18.014286,18.049999
17.585714,17.892857
17.931429,17.408571
19.272858,18.695715
19.714287,19.185715
19.782858,20
20.255714,19.701429
20.857143,20.512857
20.811428,21.185715
20.879999,20.947144
21.134287,21.344286
20.950001,21.102858
20.445715,20.941429
20.071428,20.392857
20.065714,20.34
20.412857,20.285713
21.02857,20.5
22.418571,21.440001
22.924286,22.68
23.172857,23.445715
23.57,22.928572
23.122856,23.549999
24.375713,22.912857
23.165714,24.549999
22.094286,22.942858
22.341429,21.860001
22.308571,22.785713
21.467142,22.07
21.632856,21.524286
21.377144,21.719999
21.955713,21.534286
22.19857,21.959999
22.087143,22.585714
21.825714,21.987143
22.245714,21.932858
21.857143,22.344286
21.332857,21.472857
21.878571,21.428572
24.67,24.219999
24.014286,23.871429
23.834286,24.175714
25.374287,23.871429
25.5,25.614286
25.1,25.571428
24.795713,24.991428
23.91,24.85
24.515715,23.812857
24.494286,24.662857
23.974285,24.764286
24.014286,24.405714
24.161428,23.832857
24.351429,24.25
25.267143,24.285713
25.02,24.988571
24.714287,24.941429
24.042856,24.561428
23.628571,23.822857
23.811428,23.530001
24.047144,24.227142
24.719999,24.05143
26.902857,25.867144
26.815714,26.604286
26.967142,27.272858
27.414286,26.907143
28.417143,27.715714
29.414286,28.285713
28.591429,29.688572
27.63143,27.747143
26.492857,27.815714
27.638571,26.701429
27.115713,28.178572
26.889999,26.444286
27.292856,27.142857
27.804285,28.197144
26.257143,27.507143
25.492857,25.877144
25.5,25.465714
25.950001,25.507143
25.717142,26.151428
25.435715,25.828571
26.605715,25.809999
26.478571,26.731428
26.36857,26.482857
25.715714,25.735714
26.238571,25.59
25.752857,26.292856
25.685715,25.714287
25.1,25.578571
25.487143,25
25.91,25.907143
25.675714,25.878571
25.427143,25.168571
25.614286,25.524286
26.84,25.671429
26.664286,27.059999
26.985714,26.85857
27.355715,26.92
27.354286,27.258572
27.668571,27.352858
27.267143,27.544287
26.428572,26.688572
26.012857,26.408571
26.280001,25.712856
26.677143,26.14143
26.147142,26.771429
30.124287,29.592857
31.139999,30.241428
30.582857,30.442858
30.414286,30.661428
30.18,29.818571
30.212856,30.15
31.438572,30.422857
31.145714,31.827143
31.09,31.178572
31.755714,31.04143
31.885714,31.567142
33.009998,32.034286
35.364285,33.668571
34.398571,34.784286
33.959999,34.672855
33.66143,33.695713
33.644287,33.968571
31.657143,32.195713
30.171429,30.792856
30.74,30.357143
30.348572,30.661428
29.524286,30.549999
29.232857,29.457144
29.175714,29.285713
29.052856,29.5
30.102858,29.107143
29.628571,30.675714
27.921429,28.6
27.57,27.898571
28.574286,27.297144
29.219999,28.888571
28.742857,29.032858
31.015715,28.925714
30.548571,31.575714
30.557142,30.991428
29.914286,30.508572
30.405714,30.264286
31.627144,31.53857
32.722858,31.72143
32.732857,33.139999
32.85857,32.422855
33.902859,33.357143
33.91143,33.995712
33.992859,34.098572
33.968571,33.897144
34.584286,34.42857
34.959999,34.975716
34.889999,34.942856
34.281429,35.42857
33.422855,33.625713
33.55143,33.705715
32.594288,33.254288
33.417145,32.124287
34.107143,33.782856
33.818569,33.997143
33.64143,33.804287
33.332855,33.144287
34.507141,33.395714
34.918571,34.77
36.031429,34.877144
35.952858,36.387142
32.701427,33.872856
33.708572,32.667145
33.48143,33.285713
33.238571,33.257141
33.884285,34.031429
33.034286,33.669998
32.741428,33.114285
32.901428,32.341431
32.781429,33.252857
33.772858,33.114285
33.947144,33.880001
34.381428,34.150002
35.110001,34.457142
35.217144,34.875713
33.869999,35.142857
33.848572,33.57143
34.648571,33.914288
34.675713,34.785713
35.128571,34.511429
35.404285,34.717144
35.371429,35.69857
37.067142,35.419998
37.67857,37.042858
37.787144,37.785713
38.685715,38.17857
38.18,38.495712
38.814285,38.007141
39.099998,38.57143
37.512856,39.052856
37.669998,37.535713
37.465714,37.60857
37.509998,37.459999
36.945713,37.374287
36.745712,37.111427
37.304287,37.114285
36.73143,37.068569
35.614285,36.635715
35.095715,35.864285
35.09,34.55143
36.235714,35.098572
35.522858,35.971428
36.531429,35.02
36.708572,36.714287
37.16,36.414288
37.869999,37.417145
37.848572,38.14143
37.527142,37.814285
38.284286,37.437141
41.375713,39.42857
41.565716,40.950001
41.774284,41.918571
42.162857,41.18
41.534286,42.118572
41.610001,41.704285
42.675713,42.957142
40.945713,42.785713
40.990002,41.137142
39.857143,40.351429
41.041428,40.57143
40.200001,40.42857
39.401428,40.214287
39.511429,38.998569
40.218571,40.081429
38.130001,36.514286
38.488571,38.509998
38.08857,37.761429
37.998569,37.298573
37.625713,38.362858
36.742859,37.39143
37.142857,36.785713
35.110001,36.721428
34.444286,35.505714
32.377144,32.849998
33.971428,32.451427
33.202858,33.357143
34.732857,33.587143
34.857143,35.291428
35.182858,35.095715
34.148571,34.904285
33.177143,34.372856
31.068571,31.914286
29.315714,30.624287
29.315714,30.338572
31.362858,29.571428
30.861429,31.29143
30.832857,31.112858
31.69857,30.625713
32.148571,32.424286
33.754288,32.07143
33.572857,34.132858
33.324287,33.504288
30.444286,29.815714
31.252857,29.871429
30.857143,31.64143
30.171429,30.58
29.138571,30.031429
30.007143,28.758572
29.821428,29.994286
29.815714,29.867144
24.178572,25.247143
22.17,23.97143
20.535713,22.384287
18.575714,20.200001
18.357143,18.625713
18.361429,18.875713
18.48,18.292856
18.888571,19.459999
18.212856,19.197144
18.162857,18.362858
16.17,18.295713
16.181429,15.602857
16.178572,16.44857
16.414286,16.382856
17.10857,16.512857
17.605715,17.1
16.744286,17.571428
15.945714,18.222857
15.522857,15.617143
16.231428,15.628571
16.715714,16.085714
16.577143,17.352858
16.761429,16.558571
15.962857,16.75
15.631429,15.808571
15.925714,15.721429
16.719999,16.241428
16.977142,17.014286
11.052857,10.7
11.342857,11.247143
11.551429,11.74
12.02,11.468571
11.725714,11.948571
11.441429,11.444286
11.912857,11.53
13.184286,12.018571
12.86,13.067143
12.975714,13
12.924286,13.032857
12.578571,12.714286
12.16,12.755714
12.535714,12.271429
12.245714,12.57
12.325714,12.164286
11.597143,12.351429
10.922857,11.538571
11.151429,10.957143
10.638571,11
10.064286,9.887143
9.785714,9.95
9.122857,9.738571
9.992857,9.6
9.652857,9.904286
9.218571,9.861429
9.595714,9.202857
9.481429,9.46
10.017143,9.564286
9.734286,10.011429
10.28,9.757143
9.917143,10.218571
10.127143,9.934286
10.751429,9.962857
10.301429,10.778571
10.148571,9.94
9.96,10.228571
9.974286,10.027143
9.592857,9.97
10.2,9.807143
10.138571,10.184286
10.548571,10.16
10.374286,10.59
10.085714,10.328571
9.885714,10.074286
9.9,9.854286
9.898571,9.872857
10.32,10.04
11.492857,10.335714
11.328571,11.345714
12.327143,11.302857
14.025714,12.801429
13.69,14.257143
13.164286,13.57
13.164286,13.211429
13.482857,13.067143
13.531429,13.714286
14.077143,13.311429
14.78,14.237143
14.32,14.657143
13.422857,14.101429
13.238571,13.157143
13.577143,13.242857
16.572857,16.271429
17.684286,16.542856
17.918571,17.822857
17.171429,17.855715
17.567142,17.344286
17.714287,17.642857
18.061428,17.857143
18.464287,17.602858
18.268572,18.389999
17.714287,17.981428
17.834286,17.772858
17.704287,17.72143
16.9,17.852858
17.581429,16.998571
17.437143,17.661428
17.415714,17.45857
17.407143,17.447144
16.771429,17.692858
16.057142,16.415714
16.14143,15.935714
15.952857,16.125713
15.63,15.435714
16.188572,15.487143
15.818571,16.154285
16.107143,15.585714
16.442858,16.07
15.83,16.385714
15.304286,15.641429
15.027143,15.92
15.438571,15.135714
15.59,15.285714
15.171429,15.392857
15.192857,15.411429
15.035714,15.117143
15.738571,15.05
15.708571,15.751429
16.332857,15.644286
16.431429,16.272858
17.157143,16.571428
16.96143,17.147142
17.17,17.062857
17.427143,17.370001
17.238571,17.44857
16.972857,17.178572
16.435715,16.847143
16.434286,16.501429
16.281429,16.4
16.137142,15.831429
15.751429,15.947143
15.785714,15.705714
15.24,15.537143
14.56,15.331429
14.258571,14.748571
14.894286,14.465714
14.881429,14.987143
14.45,14.944286
15.288571,14.528571
15.28,15.212857
15.298571,15.01
15.158571,15.36
14.548571,14.984286
12.525714,12.36
12.335714,12.655714
12.152857,12.228571
11.962857,12.244286
11.448571,11.802857
11.622857,11.47
11.747143,11.534286
10.852857,11.687143
10.448571,10.827143
10.492857,10.357143
10.398571,10.438571
10.621429,10.304286
10.345714,10.692857
11.054286,10.412857
10.994286,11.018571
11.068571,11.111429
10.6,11.081429
10.281429,10.607143
9.994286,10.328571
10.248571,9.978571
9.672857,10.257143
10.272857,9.638571
10.038571,10.217143
10.031429,10.085714
9.92,10.151429
9.62,9.782857
9.062857,9.528571
8.992857,8.707143
9.285714,9.035714
9.261429,9.287143
9.411429,9.38
9.234286,9.514286
9.377143,9.195714
9,9.484286
9.002857,9.037143
8.975714,8.942857
8.951429,8.97
9.398571,9.038571
9.532857,9.294286
9.975714,9.557143
9.737143,9.925714
9.405714,9.751429
9.694286,9.462857
9.575714,9.687143
9.542857,9.601429
9.498571,9.575714
9.622857,9.442857
9.784286,9.757143
9.692857,9.824286
10.291429,9.784286
11.674286,10.618571
11.698571,11.962857
11.855714,11.854286
11.461429,11.96
11.662857,11.442857
12.138571,11.645714
12.128571,12.254286
11.854286,12.158571
11.682857,11.892857
11.61,11.607143
11.874286,11.708571
11.688571,11.808571
11.42,11.532857
11.484286,11.581429
8.611429,9.172857
8.144286,8.472857
8.417143,8.194286
8.25,8.418571
8.121429,8.207143
7.785714,8.204286
7.695714,7.754286
7.701429,7.837143
8.112857,7.791429
8.271429,8.135714
8.257143,8.224286
8.272857,8.227143
8.557143,8.237143
8.558571,8.745714
8.822857,8.66
9.037143,8.861429
9.187143,9.065714
9.098571,9.268571
9.177143,9.091429
9.371429,9.305714
9.342857,9.302857
9.15,9.431429
9.022857,9.012857
8.912857,9.045714
8.992857,8.891429
9.062857,9.007143
8.64,9.022857
8.531429,8.758571
7.99,8.285714
7.851429,7.942857
8.092857,7.944286
8.094286,8.097143
7.988571,8.048571
8.165714,7.985714
8.172857,8.214286
8.285714,8.124286
8.645714,8.357143
8.145714,8.425714
8.008571,8.184286
8.148571,8.105714
8.391429,8.06
8.255714,8.49
8.055714,8.122857
7.685714,8.107143
7.875714,7.712857
7.935714,7.98
7.777143,7.862857
8.007143,7.8
8.065714,8.064286
8.94,8.341429
9.524286,8.95
9.508571,9.58
10.502857,10.198571
9.361429,9.842857
9.357143,9.404286
9.425714,9.557143
9.19,9.4
9.251429,9.307143
9.435714,9.271429
9.788571,9.43
9.622857,9.784286
9.282857,9.598571
9.697143,9.194286
9.745714,9.614286
8.588571,8.265714
8.787143,8.578571
9.94,8.792857
11.32,9.487143
11.098571,11.121429
10.985714,11.035714
11.177143,10.652857
10.91,11.008571
11.097143,10.918571
10.852857,11.164286
11.128571,10.901429
11.17,11.285714
11.372857,11.12
11.397143,11.428571
11.64,11.444286
11.557143,11.611429
11.622857,11.715714
11.771429,11.644286
11.857143,11.785714
11.85,11.915714
11.722857,11.8
11.868571,11.718571
11.747143,11.821429
11.625714,11.77
11.672857,11.5
10.857143,11.692857
12.378571,10.787143
11.91,12.371429
12.31,11.742857
12.282857,12.61
12.114286,12.285714
12.297143,12.185714
12.961429,12.324286
13.222857,12.978571
13.328571,13.238571
13.528571,13.281429
13.662857,13.567143
13.425714,13.8
13.357143,13.475714
13.048571,13.15
12.89,13.08
12.95,12.834286
12.928571,12.941429
12.761429,12.828571
13.227143,12.768571
13.144286,13.601429
13.798571,13.138571
13.711429,13.791429
14.171429,13.77
13.88,14.287143
13.701429,13.874286
14,13.795714
14.47,14.025714
14.778571,14.427143
14.527143,14.717143
13.925714,14.545714
13.957143,14.012857
14.167143,14.34
13.972857,14.235714
14.751429,13.875714
20.98,20.57
24.222857,20.809999
23.158571,24.644285
24.16,22.59
23.957144,24.784286
23.605715,23.871429
23.542856,24.285713
24.962856,23.254286
24.912857,24.625713
26.344286,25
25.994286,26.535713
25.852858,25.962856
25.412857,25.568571
25.421429,25.808571
26.610001,25.842857
26.771429,26.755714
27.072857,26.938572
28.064285,27.285713
26.731428,28.225714
26.735714,26.571428
25.694286,26.245714
25.617144,25.855715
26.298571,25.799999
26.331429,26.225714
26.86857,26.258572
27.052856,26.73
25.887142,26.954287
25.96143,26.38143
26.134287,26.021429
25.937143,25.714287
26.385714,26.064285
25.77857,26.285713
26.015715,25.622856
27.48,26.771429
26.91,27.527143
26.407143,27.035713
26.512857,25.911428
25.91,26.571428
26.15,26.088572
25.998571,26.057142
25.9,26.157143
25.827143,26.061428
27.23,26.285713
27.177143,27.091429
27.040001,27.25
26.061428,27.27857
25.241428,26.271429
24.248571,25.292856
23.812857,23.91
23.522858,23.360001
23.294287,23.690001
24.194286,23.355715
23.724285,24
24.715714,24.11857
24.742857,25.284286
25.214287,25.08
25.121429,24.995714
24.194286,24.905714
23.402857,24.428572
23.338572,23.642857
24.91,23.674286
30.998571,30.795713
30.959999,31.085714
30.535713,30.997143
30.792856,31
30.715714,30.944286
30.867144,30.657143
30.415714,30.845715
30.64143,30.462856
30.492857,30.825714
30.098572,29.947144
29.464287,29.825714
29.80143,29.275715
30.915714,29.718571
31.098572,30.915714
32.76857,31.024286
33.424286,33.14143
34.771427,34.209999
33.861427,35.278572
34.142857,34.075714
34.221428,34.062859
33.869999,34.291428
32.651428,33.485714
32.311428,32.242859
32.677143,32.175713
30.598572,33.107143
30.762857,30.65
31.808571,30.861429
32.32143,32.177143
31.709999,32.435715
32.187141,31.445715
31.922857,31.884287
31.105715,31.731428
31.459999,31.234285
31.561428,31.861429
30.637142,31.121429
29.662857,30.832857
30.77,29.712856
30.57,30.681429
32.747143,32.220001
32.689999,32.89143
33.187141,32.57143
31.931429,32.781429
30.985714,32.150002
30.799999,30.428572
30.414286,30.281429
30.299999,30.65
30.709999,30.415714
30.155714,30.610001
32.040001,30.517143
31.637142,32.175713
31.558571,31.731428
32.157143,31.727142
33.299999,32.425713
35.34,33.577145
34.831429,35.078571
34.881428,35.42857
36.751431,35.118572
36.854286,37.057144
37.21143,36.755714
38.274284,37.32
38.058571,38.615715
37.797142,38.204285
37.422855,38.121429
35.751431,35.914288
34.471428,35.674286
35.248569,34.365715
35.187141,34.945713
34.994286,35.151428
34.822857,35.057144
34.925713,34.772858
35.58857,35.220001
35.168571,35.619999
36.262856,34.844288
36.557144,36.278572
35.601429,36.337143
35.771427,35.98143
36.107143,35.712856
36.657143,35.897144
37.027142,36.950001
37.401428,36.900002
36.201427,37
36.98143,36.172855
37.111427,36.857143
39.041428,37.561428
38.624287,38.984287
38.535713,38.931431
39.765713,38.578571
40.388573,39.444286
39.434284,39.878571
40.48,39.808571
41.121429,40.575714
40.558571,41.17857
41.285713,41.061428
41.775715,41.262856
42.158569,42.400002
41.648571,42.332855
42.021427,41.82143
44.722858,42.5
44.042858,44.82
43.058571,43.119999
43.664288,43.142857
43.165714,44.285713
42.792858,43.148571
43.845715,42.708572
43.642857,44.052856
44.832855,43.691429
43.148571,45.77
43.784286,43.042858
43.877144,44.028572
44.787144,44.005714
44.628571,44.394287
44.172855,43.959999
46.374287,44.967144
47.247143,46.012856
45.959999,47.287144
46.751431,46.240002
45.451427,46.291428
43.188572,45.612858
41.204285,42.889999
43.427143,43
42.978573,43.472858
46.337143,44.372856
45.955715,46.442856
46.125713,45.73
47.157143,46.029999
47.642857,47.714287
50.712856,48.988571
46.074287,55.405712
47.177143,45.331429
47.317142,47.348572
46.861427,47.285713
44.857143,46.43
46.757141,45.509998
45.44857,46.959999
46.068569,45.444286
47.03857,46.975716
48.228573,47.278572
48.785713,47.934284
47.947144,48.498569
46.694286,48.42857
47.842857,46.702858
48.272858,47.535713
47.675713,48.025715
47.897144,47.602856
48.938572,47.970001
49.965714,49.228573
48.824287,50
48.184284,48.681431
48.502857,49.049999
49.785713,48.89143
49.692856,49.832855
50.034286,49.557144
50.742859,50.07143
51.784286,51.015713
52.257141,52.007141
51.988571,52.125713
51.848572,51.69857
50.895714,51.512856
51.151428,51.114285
50.634285,51.577145
50.810001,50.738571
51.871429,50.714287
51.997143,52.052856
53.332855,51.952858
52.709999,53.735714
52.330002,52.854286
53.552856,52.392857
53.748569,53.408569
53.82,53.457142
53.667145,53.785713
54.368572,54.098572
54.055714,54.394287
53.847141,54.015713
52.5,53.872856
52.427143,52.517143
52.595715,52.214287
51.831429,52.401428
51.871429,52
51.367142,51.889999
48.5,49.684284
48.712856,48.104286
48.150002,48.824287
47.44857,48.295715
48.115715,47.304287
48.279999,48.777142
47.197144,47.857143
47.382858,46.915714
47.148571,47.438572
46.958572,47.46143
47.675713,47.07143
55.531429,55.342857
55.154285,54.811428
54.46143,55.341431
58.110001,54.474285
57.202858,57.58857
57.810001,58.157143
58.475716,57.472858
57.76857,58.842857
57.987144,57.921429
57.774284,57.592857
58.272858,58.060001
61.425713,59.062859
61.491428,61.347141
61.998569,61.422855
61.275715,62.111427
62.364285,60.812859
62.215714,62.437141
62.407143,62.422855
61.175713,61.667145
62.135715,61.478573
61.747143,62.671429
63.857143,62.209999
64.718575,64.285713
64.112854,65.128571
64.604286,63.977142
63.66143,64.732857
63.655712,63.027142
64.997147,64.417145
64.785713,64.855713
64.358574,64.991432
64.052856,64.867142
62.849998,64.067146
62.497143,63.234287
62.368572,61.954285
61.437141,62.815716
60.64143,61.104286
60.388573,61.169998
60.035713,60.33857
60.012856,59.98143
60.610001,59.952858
57.998569,60.871429
54.128571,57.927143
52.977142,54.142857
53.182858,53.287144
52.025715,53.001431
51.267143,51.459999
50.290001,51.644287
52.098572,50.25
51.84,52.237144
50.669998,51.618572
48.187141,50.778572
48.285713,48.644287
49.841431,48.578571
50.432858,50.147144
47.818569,50.639999
46.672855,47.257141
47.368572,47.555714
46.610001,47.011429
47.344288,47.292858
49.39143,48.10857
49.784286,49.900002
53.271427,53.804287
50.5,51.818569
49.152859,50.357143
46.011429,48.208572
44.887142,45.435715
45.695713,44.605713
46.005714,45.417145
48.074287,46.292858
48.664288,48.215714
49.197144,48.295715
46.598572,49.102856
45.791428,46.59
45.951427,45.308571
46.935715,46.011429
49.349998,47.265713
49.591431,49.207142
50.26857,49.578571
49.169998,50.121429
49.982857,49.352856
52.07143,49.57143
53.095715,52.144287
55.799999,53.58857
55.971428,55.84
57.478573,55.94857
56.972858,57.42857
57.32,56.742859
59.314285,57.628571
59.689999,59.311428
60.294285,59.925713
59.652859,59.998569
60.458572,59.537144
61.192856,60.535713
61.447144,61.43
60.441429,61.357143
61.184284,60.78857
61.42857,60.747143
60.349998,61.295715
61.101429,60.42857
61.465714,60.932858
63.378571,62.577145
64.097145,63.381428
63.055714,64.204285
62.882858,63.028572
62.78857,62.765713
62.337143,62.578571
63.458572,62.142857
62.80143,62.970001
63.154285,62.617142
62.942856,63.265713
67.585716,65.175713
66.677139,67.639999
67.478569,67.16571
65.802856,67.442856
63.578571,65.664284
63.285713,63.740002
62.650002,62.055714
62.851429,63.065716
64.654289,63.328571
64.155716,64.384285
63.491428,64.867142
62.765713,63.325714
63.452858,62.972858
64.564285,64.527145
61.584286,63.282856
61.128571,61.487144
60.76857,61.352856
60.265713,60.714287
60.665714,60.315716
60.611427,60.458572
62.05143,60.67857
60.388573,61.465714
60.771427,60.251431
60.385715,61.028572
60.407143,60.185715
61.471428,60.142857
64.238571,62.185715
63.692856,64.314285
64.505714,64.174286
63.772858,64.478569
64.504288,64.085716
64.410004,64.601433
65.58429,64.498573
66.571426,66.008568
66.878571,66.727142
67.455711,66.714287
67.435715,67.325714
68.455711,67.277145
68.704285,68.792854
68.480003,68.35714
67.814285,68.485718
67.887146,67.521431
68.234283,68.121429
68.085716,68.35714
68.19857,68.645714
67.524284,68.444283
67.954285,67.604286
68.475716,67.771431
68.43,69.471428
69.19857,68.599998
68.794289,68.938568
68.078568,69.092857
65.39286,68.220001
65.272858,64.057144
64.932854,65.272858
65.572861,65.352859
65.360001,65.85714
63.254288,65.181427
63.414288,63.032856
64.365715,63.494286
63.355713,64.271431
64.10714,63.57143
64.222855,63.438572
64.454285,64.614288
62.685715,64.098572
64.28286,62.700001
65.648567,64.741432
66.211426,66
65.178574,65.871429
66.694283,65.235718
65.945717,66.66143
64.582855,65.685715
62.654285,64.464287
64.160004,63.644287
64.08429,63.495712
51.671429,47.532856
51.012856,51.401428
51.317142,50.857143
52.284286,51.751431
53.521427,52.712856
54.720001,54.360001
55.002857,54.654285
54.200001,54.842857
55.174286,54.25
54.014286,55.174286
54.144287,53.93
56.110001,54.914288
55.487144,56.175713
54.682858,55.274284
54.34,55.087143
54.757141,54
54.880001,54.777142
55.324287,54.714287
54.650002,55.324287
54.837143,54.447144
54.201427,54.922855
55.148571,54.197144
54.44857,55.054287
54.432858,54.42857
51.871429,54.744286
52.591431,51.869999
51.468571,53.21143
50.924286,51.508572
49.855713,50.145714
50.165714,50.154285
49.512856,50.512856
48.830002,49.285713
50.330002,48.757141
50.73143,50.221428
50.085712,50.42857
50.131428,50.147144
48.497143,49.881428
49.111427,47.82
47.759998,49.021427
47.804287,48.012856
47.782856,47.417145
46.720001,48.055714
45.205715,46.427143
47.664288,45.375713
47.774284,48.400002
48.58857,47.900002
48.097141,48.542858
48.061428,48.287144
48.871429,48.072857
48.578571,48.844288
48.847141,47.970001
49.032856,48.714287
48.80143,49.032856
49.848572,49.151428
47.311428,49.258572
46.501431,47.347141
46.742859,47.347141
47.779999,47.119999
47.041428,47.631428
45.547142,47.09
46.255714,46.021427
46.32,47.07143
46.251431,46.547142
48.191429,46.857143
49.828571,48.57143
58.468571,59.234287
61.205715,58.57143
62.494286,60.988571
63.794285,62.57143
64.881432,63.087143
63.208572,64.741432
63.400002,63.204285
63.114285,63.132858
63.009998,62.842857
65.274284,63.32
64.101433,65.041428
64.129997,64.541428
63.48,64.25
63.295715,63.19857
64.849998,63.459999
64.984283,64.830002
65.247147,65.058571
66.585716,65.428574
67.137146,66.515717
67.865715,67.022858
67.800003,67.85714
68.314285,67.949997
67.405716,68.300003
67.839996,67.372856
68.332855,67.807144
69.004288,68.625717
67.844284,69.081429
68.60714,67.714287
67.815712,68.344284
67.110001,67.529999
66.807144,67.428574
64.874283,66.64286
63.66143,64.989998
62.151428,63.015713
62.884285,62.240002
64.045715,63.347141
62.628571,63.907143
60.281429,61.547142
59.78857,59.712856
60.445713,59.738571
60.744286,60.459999
61.185715,61.337143
60.714287,60.889999
62.611427,61.135715
60.25,62.684284
59.751431,59.628571
59.252857,59.330002
60.367142,59.715714
59.527142,60.110001
59.017143,59.642857
59.154285,59.07143
60.330002,58.76857
60.494286,60.497143
63.049999,61.201427
62.785713,63
64.938568,64.397141
67.811432,67.239998
68.387146,68.85714
67.922859,68.704285
80.292854,76
81.650002,79.778572
81.055717,81.785713
80.062859,81.234283
79.668571,80.211426
79.865715,79.655716
79.771431,80.172859
80.868568,80.292854
80.437141,80.589996
80.407143,80.07
79.5,80.237144
79.575714,79.855713
79.271431,79.571426
80.792854,81.238571
80.077141,81.028572
80.748573,80.114288
82.085716,81.041428
84.278572,82.324287
83.377144,83.808571
82.872856,83.404289
83.835716,83.285713
87.60714,86.364288
88.267143,87.544289
88.068573,88.888573
88.790001,88.214287
89.002853,89.081429
88.83857,89.178574
87.992859,88.874283
89.85714,88.14286
89.507141,89.714287
89.151428,89.472855
89.002853,88.837143
89.129997,88.711426
88.808571,89.242859
89.348572,88.378571
90.459999,89.214287
89.604286,90.714287
92.449997,89.33429
95.871429,93.395714
95.094284,96.889999
94.418571,94.91571
93.431427,92.85714
95.272858,94.242859
94.271431,95.132858
94.742859,94.651428
93.871429,96.242859
96.414284,95.042854
97.312859,96.335716
96.944283,100.014282
94.891426,95.48143
93.08857,95.300003
92.23143,91.505714
93.848572,93.35714
93.635712,94.805717
94.044289,93.998573
94.571426,93.472855
94.091431,95.012856
93.507141,93.471428
95.727142,94.900002
97.228569,97.522858
101.087143,98.098572
100.371429,101.271431
98.129997,99.970001
115.809998,111.019997
114.769997,117.339996
110.550003,114.699997
112.510002,110.209999
111.5,112.139999
110.099998,110.910004
109.339996,111.550003
106.43,107.790001
106.900002,107.290001
107.080002,106.830002
111.559998,106.400002
114.309998,111.949997
112.559998,114.599998
121.150002,113.150002
123.709999,125.620003
126.449997,126.290001
123.519997,126.419998
123.029999,126.089996
122.739998,120.010002
120.510002,121.470001
123.730003,120.989998
123.389999,124.959999
125.360001,123.139999
124.050003,125.260002
122.059998,123.5
112.489998,119.800003
103.959999,106.199997
96.879997,88.75
101.519997,107.75
110.129997,107.150002
117.660004,114.940002
117.629997,116.349998
115.029999,115.239998
105.790001,109.349998
105.440002,109.309998
101.059998,102.690002
98.790001,98.050003
94.949997,102.080002
99.18,96.510002
99.480003,99.419998
97.510002,98.57
95.690002,96.839996
99.160004,95.220001
104.080002,99.699997
104.209999,103.669998
102.620003,102
100.300003,103.300003
98.470001,98.290001
98.07,98.599998
103.760002,97.110001
102.239998,105.300003
99.470001,101.57
98.349998,99.629997
103.260002,99.910004
105.980003,102.910004
106.110001,103.010002
111.25,107.480003
108.330002,110.330002
108.099998,108.839996
114.93,107.940002
113.330002,114.110001
113.449997,114.449997
109.730003,112.849998
110.230003,111.5
101.089996,103.769997
98.989998,100.209999
101.690002,98.07
98.989998,101.059998
97.959999,99.669998
97.32,98.07
100.040001,97.610001
103.040001,100.050003
103.07,102.580002
105.800003,102.900002
105.120003,105
108.379997,105.120003
107.639999,109.199997
109.739998,107.360001
114.050003,110.360001
113.5,113.75
114.059998,113.389999
109.860001,113.360001
112.699997,108.860001
112.860001,113.080002
108.919998,112.519997
103.650002,108.339996
111.349998,102.970001
117.099998,112.110001
120.629997,117.940002
120.220001,120.25
123.839996,120.849998
125.029999,124.300003
123.309998,123.669998
124.160004,124.230003
125.440002,123.849998
123.330002,126.029999
125.370003,124.470001
128.929993,125.529999
126.809998,129.619995
130.929993,127
125.360001,131.190002
126.980003,121.510002
124.199997,127.699997
122.910004,124.5
118.910004,121.449997
120.669998,119.769997
118.599998,121.93
122.639999,119.800003
122.510002,123.970001
118.019997,120.849998
116.629997,119.510002
116.239998,117.300003
118.160004,116.910004
117.330002,118.220001
117.110001,117.260002
119.120003,118.190002
116.709999,118.949997
114.379997,116.209999
109.959999,109
107.660004,110.449997
117.68,105.290001
114.559998,116.360001
111.389999,116.330002
114.970001,112.129997
116.580002,116.110001
106.559998,114.43
107.059998,105.650002
104.040001,102.43
107.889999,106.57
107.739998,108.910004
102.349998,108.32
100.720001,104.720001
99.120003,99.779999
97.830002,99.739998
91.150002,96.610001
94.410004,93.839996
91.839996,92
94.089996,91.790001
91.489998,95.540001
90.739998,92.410004
89.709999,89.5
82.790001,88.230003
83.32,80.57
86.129997,81.75
88.449997,89
86.349998,87.419998
87.400002,86.639999
89.050003,89
94.760002,90.129997
90.489998,94.800003
89.230003,89.980003
91.93,90.75
89.120003,91.400002
91.610001,88.5
94.529999,91.080002
94.790001,95.300003
93.410004,94.809998
98.300003,94.580002
97.610001,98.010002
97.93,97.830002
101.580002,98.760002
95.489998,101
96.230003,95
98,96.82
97.360001,98.18
97.660004,99.510002
98.129997,97.199997
97.860001,97.870003
99.349998,97.529999
99.720001,99.050003
101.120003,100.5
101.059998,101.150002
99.839996,100.480003
99.589996,99.75
98.360001,98.639999
101.209999,98.339996
104.129997,101.080002
102.190002,104.650002
102.230003,102.43
105.699997,102.93
104.349998,105.900002
104.940002,103.470001
104.830002,105.300003
104.449997,104.309998
103.809998,105.120003
102.68,104.040001
106.980003,103.150002
109.650002,108
110.419998,110.010002
111.510002,110.639999
108.400002,109.900002
94.339996,99.489998
96.769997,94.339996
94.980003,97.309998
95.900002,94.849998
93.559998,95.699997
92.43,93.5
91.040001,92.18
90.279999,91.5
90.029999,90.5
93.110001,90.410004
91.540001,92.080002
90.790001,91
89.370003,90.910004
90.839996,88.830002
90.540001,90.730003
92.889999,91.139999
90.019997,92.400002
87.739998,90.32
87.879997,87.389999
89.120003,87.559998
88.629997,89
90.5,88.25
89.550003,90.160004
92.489998,90.080002
94.889999,92.980003
97.889999,95.980003
100.199997,99
102.809998,103.209999
103.300003,102.440002
102.57,102.949997
101.510002,101.5
101.25,101.389999
99.589996,100.989998
100.739998,100.290001
99.889999,101.199997
97.860001,100.019997
97.089996,97.220001
93.75,94.879997
93.849998,95.019997
94.120003,94.160004
94.290001,94.610001
95.440002,94.18
94.449997,95.75
93.800003,95.220001
90.989998,93.870003
90.010002,90.779999
91.660004,90.620003
88.440002,87.529999
85.330002,87.879997
87.970001,87.410004
91.059998,89.669998
91.480003,90.910004
96.669998,95
97.910004,95.199997
94.599998,95.029999
95.099998,94.699997
97.059998,96
94.669998,96.190002
95.970001,95.07
96.43,96.260002
98.019997,97
98.389999,98.519997
98.809998,98.43
85.839996,85.43
87.910004,86.669998
85.989998,88.300003
85.889999,86.480003
87.660004,85.730003
91.410004,91.029999
92.040001,91.5
91.650002,91.919998
91.25,91.190002
94.370003,91.230003
93.559998,94
93.099998,93.279999
93.440002,93.199997
97.029999,93.769997
95.110001,95.910004
93.989998,95.120003
93.93,94.400002
95.889999,94.599998
96.589996,95.529999
95.309998,96.830002
95.120003,95.190002
96.370003,94.940002
96.160004,95.980003
95.870003,96.050003
95.260002,95.669998
95.940002,95.68
95.18,96.129997
97.32,96.379997
97.580002,97.330002
97.300003,96.970001
97.449997,97.839996
97.449997,97.480003
97.379997,97.809998
97.379997,97.900002
100.089996,97.760002
99.150002,100.110001
99.660004,99.230003
96.5,99.059998
99.050003,95.910004
96.089996,97.169998
97.010002,97.349998
97.339996,97.230003
99.480003,97.099998
98.059998,99.900002
98.25,98.779999
94.879997,96.900002
95.830002,95.540001
95.940002,95.75
94.559998,95.379997
97.07,95.040001
97.480003,97.099998
96.669998,97.309998
98.550003,96.900002
102.629997,98
102.339996,103.190002
106.279999,103.5
105.07,104.970001
104.82,103.980003
103.330002,103.18
100.589996,102.309998
99.5,100.879997
100.230003,98.010002
101.470001,101.589996
99.800003,100.5
118.790001,116.629997
121.870003,118.25
123.349998,121.970001
127.5,122.5
127.330002,127.419998
126.510002,126.519997
126.970001,126.290001
126.470001,127.43
126.57,126.080002
124.870003,126.849998
123.300003,124.980003
122.339996,122.830002
122.139999,122.309998
122.029999,122
124.580002,124.260002
124.339996,124.120003
122.190002,121.839996
115.419998,122.760002
114.779999,114.900002
113.379997,114.75
113.589996,114.550003
115.190002,112.959999
115.029999,115.129997
115.209999,115.730003
117.959999,116.199997
118.040001,118.32
117.690002,117.760002
117.410004,117.639999
116.93,117.050003
117.510002,117.300003
117,119
117.220001,117.519997
120.809998,116.75
119.160004,120.730003
124.57,120.099998
125.389999,124.480003
123.239998,125.400002
122.879997,123.779999
122.830002,122.839996
123.779999,123.510002
123.440002,123.43
125,123.440002
124.220001,126.389999
125.449997,124.300003
125.120003,125.459999
126.5,125.529999
125.580002,126.839996
125.589996,125.610001
128.350006,126.239998
125.889999,129.070007
125.330002,125.949997
123.800003,126.239998
127.489998,124.959999
129.410004,127.489998
131.809998,129.220001
131.070007,132.080002
130.949997,131.479996
129.889999,131.270004
130.5,130.910004
129.179993,130.630005
133.699997,131.149994
132.889999,135.039993
133.259995,133.210007
138.410004,142.009995
138.600006,139.360001
137.389999,138.649994
140.110001,138.110001
139.520004,140.800003
138.960007,140.449997
142.449997,139.460007
141.220001,141.770004
140.710007,140.550003
140.779999,141.199997
139.199997,140.610001
140.25,139.509995
140.970001,140
144,141.490005
144.740005,143.570007
144.139999,144.979996
144.820007,144.679993
143.199997,145.190002
140.820007,143.199997
142.270004,140.720001
142.009995,142.419998
142.220001,141.75
142.600006,142.990005
143.860001,142.919998
142.779999,144.449997
143.25,141.880005
143.410004,143.119995
142.130005,143.300003
142.649994,142.839996
139.529999,142.149994
139.139999,139.690002
141.940002,141
141.429993,141.990005
140.320007,141.470001
140.529999,140.039993
140.889999,141.389999
143.520004,140.899994
143.190002,142.949997
145.25,144.199997
144.389999,145.5
145.110001,144.050003
145.830002,145.449997
142.419998,146.75
142.649994,142.539993
141.839996,142.139999
142.020004,142.360001
144.059998,140.830002
145.169998,144.100006
146.470001,145.5
148.059998,146.809998
147.809998,148
146.919998,146.699997
145.5,146.839996
143.619995,146.190002
143.740005,144
143.110001,143.789993
143.850006,143.039993
144.350006,144.279999
143.830002,144.850006
142.919998,144.25
147.25,144.429993
143.360001,147.339996
139.759995,143.369995
141.179993,140.300003
142.869995,141.389999
143.830002,143.610001
152.160004,147.460007
150.169998,151.529999
153.080002,150.600006
152.199997,152.710007
155.350006,151.910004
156.449997,155.759995
155.589996,156.289993
157.25,155.589996
156.600006,158.550003
156.380005,156.550003
157.460007,156.100006
160.279999,157.820007
158.539993,160.330002
160.809998,159.110001
160.020004,160.25
159.410004,160.5
153.199997,158.089996
155.699997,153.610001
157.020004,156.149994
157.160004,157.860001
157.949997,157.75
157.75,158.350006
163.050003,161
162.429993,162.839996
163.220001,163.600006
163.070007,163.610001
162.990005,163.520004
165.179993,163.419998
165.059998,165.490005
165.169998,164.949997
165.610001,165.600006
165.880005,166.119995
158.029999,166.270004
151.440002,155.300003
152.720001,154.380005
152.199997,154.339996
151.759995,149.440002
152.380005,151.449997
153.399994,154.289993
152.050003,153.679993
155.029999,152.5
154.889999,155.130005
158.020004,155.009995
157.5,158.779999
151.029999,156.619995
153.410004,151.639999
150.089996,152.820007
149.410004,149.759995
146.169998,149.800003
147.610001,146.580002
146.25,146.130005
150.179993,146.649994
152.669998,150.339996
154.330002,152.369995
158.75,155.770004
158.210007,158.509995
161.119995,159.300003
161.699997,162.910004
183.600006,176.119995
183.860001,182.970001
183.600006,183.839996
188.539993,182.720001
187.910004,188.690002
186.970001,187.789993
189.080002,187.699997
182.679993,189.889999
184.039993,182
181.660004,184.259995
182.029999,182.490005
180.740005,182.220001
179.229996,180.529999
180.270004,179.600006
181.330002,181
178.360001,181.369995
175.779999,171.429993
169.139999,174.029999
171.399994,169.860001
171,169.800003
168.5,171.529999
169.979996,167.5
166.089996,169.229996
166.539993,165.949997
166.759995,166.910004
169.339996,167.759995
169.059998,168.350006
168.130005,169.860001
165.949997,168.580002
167.119995,166.429993
168.809998,165
174.690002,169.5
174.710007,175.449997
174.740005,175.550003
174.520004,173.399994
179.25,175.25
179,178.800003
176.419998,178.449997
181.740005,178.100006
185.149994,182.550003
183.639999,184.070007
182.630005,183.25
182.350006,182.729996
184.619995,183.610001
185.679993,184.979996
185.509995,186.100006
188.779999,185.820007
187.350006,188.399994
178.550003,186.460007
179.380005,180.699997
181.970001,181.009995
180.699997,181.25
181.350006,180.729996
177.009995,182.110001
179.190002,177.649994
184.449997,181.410004
194.389999,185.649994
198.020004,194.300003
196.869995,199.100006
195.080002,197.850006
194.949997,195.570007
195.860001,196.75
199.490005,199.699997
202.679993,201.949997
199.479996,200.110001
195.539993,199.990005
195.130005,193.009995
194.160004,195.899994
192.470001,194.169998
196.020004,192.75
193.770004,195.380005
195.210007,194.660004
199.539993,197.199997
198.369995,199.619995
196.429993,198.210007
198,197.240005
199.320007,197.449997
200.009995,199.800003
200.130005,200
195.889999,200
196.440002,196
193.899994,194.460007
192.020004,191.610001
195.080002,191.119995
195.710007,193.639999
192.119995,194.539993
195.509995,194.330002
193.199997,195.740005
194.100006,193.300003
196.229996,195.039993
196.320007,196.580002
195.75,196.649994
195.050003,195.559998
199.179993,195.339996
188.149994,198.910004
187.580002,190.309998
186.820007,186.990005
184.039993,189.360001
184.210007,183.5
185.300003,183.380005
185.199997,185.710007
188.539993,186.5
186.220001,187.850006
185.729996,186.009995
187.860001,186.100006
189.559998,187.979996
190.119995,189.610001
190.419998,191.199997
187.020004,190.179993
188.820007,187.940002
188.619995,189.440002
189.940002,188.330002
187.759995,189.779999
186.240005,187.800003
192.710007,187.179993
191.960007,192.509995
201.070007,196.100006
205.050003,202.050003
205.630005,206.199997
209.990005,207.25
212.050003,210.020004
209.309998,212.110001
212.520004,207.570007
217.240005,214.289993
221.229996,217.179993
221.529999,224.240005
217.5,221
220.330002,220.339996
220.460007,222.75
227.580002,222
250.289993,255.050003
261.299988,250.880005
269.700012,263
274.600006,271.48999
284.589996,274.200012
278.799988,277
270.299988,281.940002
265.070007,266.410004
267.429993,263
254.259995,262
265.720001,247.699997
264.559998,266.579987
250.100006,267.079987
249.470001,253.850006
257.950012,252.139999
258.269989,257.290009
266,260.470001
280.269989,270.029999
278.519989,278.730011
278.549988,277.73999
281.040009,282.070007
278.140015,283.880005
285.929993,281
294.160004,288.75
290.609985,294.769989
291.380005,293.100006
290.390015,292.75
301.049988,284.649994
315,302.850006
325.220001,319.880005
321.160004,320
317,322.200012
331.440002,321.329987
321.299988,333.559998
315.880005,323.869995
321.549988,318.160004
321.089996,323.170013
318.450012,321.420013
313.480011,315.799988
317.5,313.26001
316.480011,316.350006
306.700012,313.070007
300.940002,307.410004
320.350006,309.359985
300.690002,322.48999
285.769989,298.390015
295.350006,287
280.290009,291.940002
283.670013,285.450012
288.940002,273.630005
293.970001,293.149994
288.850006,289.100006
289.929993,291.769989
298.070007,297.679993
303.670013,302.880005
309.25,309.720001
311.649994,317.290009
307.779999,315.98999
336.059998,329.660004
334.519989,336.299988
332.700012,332.880005
327.769989,332.220001
318.690002,329.149994
307.019989,319.220001
305.76001,306.369995
313.980011,310
311.76001,316.25
312.459991,311.070007
313.299988,310.359985
313.359985,311.649994
311.690002,312.589996
320.089996,308.709991
326.26001,321.98999
326.890015,325.899994
330.299988,328.790009
329.600006,331.5
326.459991,329.649994
328.529999,327.25
326.130005,325.940002
328.190002,326.279999
325.220001,327.529999
324.179993,324.899994
331.820007,327.109985
331.619995,334.049988
344.720001,329.040009
349.290009,344.339996
351.290009,349.899994
349.730011,351.5
353.540009,352.369995
351.600006,353.799988
359.929993,353.880005
361.809998,362.679993
365.799988,363.320007
367.450012,367.779999
361.399994,368.540009
360.570007,358.059998
361.450012,361.880005
363.829987,363.600006
379.929993,367.529999
392.869995,384.269989
391.980011,390.709991
390.399994,387.720001
404.980011,389.5
416.76001,415.149994
415.440002,421.380005
411.089996,419.980011
384.480011,404.690002
399.390015,393.279999
390.390015,407.559998
395.420013,395
391.429993,399.190002
398.179993,385.450012
390.519989,399.48999
398.390015,393.799988
408.25,397.450012
418.970001,415.950012
415.630005,417.23999
418.649994,411.339996
413.5,415.160004
395.799988,409.190002
400.480011,398.980011
379.480011,346.950012
375.130005,381.23999
364.230011,371.059998
361.049988,364.920013
362.660004,359.149994
357.320007,366.940002
362.869995,357.570007
363.089996,358.190002
355.209991,366.850006
334.959991,351.929993
337.450012,331.51001
338.380005,335.869995
344.5,337.230011
343.089996,347.75
350.920013,342.869995
351.829987,353.230011
347.609985,352.209991
349.359985,347.959991
345.869995,346.910004
341.309998,339.890015
337.48999,342.089996
326.399994,334.029999
322.440002,329.899994
316.779999,319.01001
327.730011,314.640015
338.019989,331
344.440002,338.48999
339.170013,348.109985
358.820007,346
364.579987,367.149994
368.48999,367.230011
368.040009,367.200012
370.980011,365
367.679993,370.660004
363.600006,366.470001
341.179993,360
346.459991,347.440002
348.679993,342.200012
348.410004,352.269989
355.929993,344.670013
369.950012,359.079987
368.149994,371.910004
364.559998,368.549988
350.350006,364.220001
367.649994,353.670013
366.959991,373.950012
365.359985,370.26001
361.190002,366.589996
369.609985,359
369.429993,370.230011
377.880005,373.589996
380.709991,379.869995
374.130005,379.23999
381.429993,375.850006
377.140015,384.380005
377.049988,378.529999
363.649994,375.880005
351.350006,359.769989
349.100006,345.179993
355.709991,348.480011
325.890015,353.519989
321.100006,324.940002
339.559998,339.570007
333.130005,337.630005
346.399994,337.23999
364.700012,378.329987
346.709991,360.670013
332.670013,351
329.540009,333.100006
333.160004,318
301.829987,332.279999
312.869995,307.119995
299.829987,300.51001
284.839996,305.26001
285.809998,275.570007
301.779999,297.769989
317.380005,304.589996
309.100006,318
315.440002,311.100006
310.839996,314.76001
327.5,312.899994
317.920013,328
303.470001,311.070007
294.070007,300
294.399994,295
286.730011,300.399994
290.059998,285.51001
286.209991,287.140015
270.600006,283.790009
266.980011,254.630005
262.130005,274.420013
258.820007,260.109985
261.429993,260.549988
266.630005,259.23999
282.649994,271.980011
288.75,282.320007
286.130005,288
290.299988,293.190002
275.329987,288.130005
282.880005,268.329987
265.140015,282.480011
269.700012,264.190002
265.320007,274.079987
274.880005,267.660004
276.019989,277.640015
266.839996,271.809998
262.799988,266.51001
270.940002,263.299988
266.769989,269.959991
260.579987,264.640015
246.389999,263.829987
233.880005,242
253.669998,233.919998
255.570007,250.110001
256.079987,257.940002
267.660004,260.160004
267.660004,259.279999
271.200012,270.200012
297.570007,281.880005
315.339996,302.100006
320.269989,319.980011
319.959991,317.709991
324.660004,314.570007
337.589996,330.959991
332.940002,334.23999
354.640015,349.600006
351.390015,354
353.190002,349.5
339.100006,351.970001
325.160004,334.890015
321.98999,328.25
326.670013,320.600006
338.049988,328.720001
335.660004,334.700012
328.899994,335.869995
340.660004,332.75
339.5,339.679993
339.850006,337.179993
351.339996,342.600006
355.809998,353.200012
352.190002,357
344.709991,347.899994
347.570007,338
345.730011,350
359.970001,348.089996
351.769989,357.299988
359.070007,351.75
356.869995,358.470001
361.920013,355.799988
359.910004,364.850006
356.970001,360.029999
363.019989,360.339996
363.910004,367.01001
364.970001,362.980011
362.869995,363.5
358.100006,362.470001
357.320007,362.26001
351.040009,359.720001
354.299988,351.459991
359.609985,353.600006
352.600006,360.160004
349.600006,345.75
358.859985,352
356.269989,359.369995
361.209991,355.809998
358.820007,360.5
361.459991,361.019989
363.440002,362.470001
358.779999,366.399994
375.220001,358.910004
377.869995,374
361.01001,375.950012
366.230011,359
359.970001,367.869995
353.369995,361
354.609985,354.48999
356.559998,357.160004
366.959991,359
367.720001,366.25
369.75,369.26001
367.880005,370.070007
365.48999,369
361.410004,365.109985
364.709991,360.540009
363.920013,365.790009
367.649994,365
351.140015,360.690002
348.869995,350.709991
359.459991,355
354.73999,365.049988
360.350006,355
377.339996,359.700012
381.890015,375.450012
374.230011,381.070007
368.329987,374.48999
374.850006,368.350006
371.829987,373.679993
370.540009,369.559998
378.809998,374
379.059998,378
385.029999,381.529999
378.670013,377.690002
370.459991,377
364.369995,367.920013
362.75,360.899994
361.040009,361.619995
345.26001,352.290009
345.609985,348.709991
354.98999,343.339996
359.309998,356.369995
354.450012,356.390015
348.109985,351.230011
354.269989,350.950012
359.730011,358.01001
352.209991,355.5
354.390015,355.410004
355.059998,354.390015
349.190002,353.600006
351.850006,350.549988
343.279999,347.220001
336.630005,343.559998
353.399994,345
355.730011,354.380005
357.130005,354.839996
360.869995,357.390015
352.01001,363.649994
351.269989,355
345.559998,351.820007
343.429993,347.230011
339.730011,341.630005
350.619995,342.690002
357.119995,355.570007
363.519989,361.720001
365.209991,365.910004
369.209991,365
371.040009,370.269989
360.299988,370.75
362.200012,361.600006
370.019989,363.200012
367.320007,370.26001
374.600006,373.5
375.429993,374.890015
381.720001,376.690002
380.549988,378.290009
376.160004,378.190002
379.929993,379.059998
381,382.769989
379.5,381.100006
373.25,378.679993
366.600006,372.940002
365.98999,370.089996
362.440002,366.25
325.209991,323.76001
315.100006,323.399994
310.619995,312
307.299988,311.440002
317.940002,310.51001
326.459991,318.859985
335.779999,328.790009
332.700012,335.980011
325.929993,329.200012
322.98999,325.160004
319.5,324.25
318.829987,317.48999
307.630005,310.959991
310.100006,310.579987
304.290009,302.559998
315.899994,311.029999
308.929993,313.73999
310.829987,305.459991
312.279999,309.769989
299.109985,308.01001
295.76001,299.5
302.799988,298.859985
309.380005,306.25
298.98999,304.570007
297.809998,301.609985
296.929993,298.649994
291.440002,295
294.980011,295.23999
291.029999,294.540009
291.769989,289.470001
296.779999,295
293.75,298.779999
289.290009,290.820007
291.519989,291.25
293.25,285.320007
290.170013,293.350006
294.339996,294.809998
287.98999,291.160004
288.269989,285.700012
288.859985,288.100006
294.149994,290.609985
294.290009,294.230011
298.600006,294.5
291.559998,294.98999
286.600006,291.559998
270.75,280.26001
265.920013,268.350006
254.589996,262.5
264.75,255.710007
263.309998,266.420013
263.079987,266.179993
267.619995,264
269.579987,267.350006
268.029999,263.609985
268.149994,267.779999
272.790009,268.200012
274.459991,271.98999
270.720001,273.029999
267.529999,270.019989
280.480011,265.970001
282.929993,284.799988
285.529999,283.929993
284.25,283.820007
286.279999,283.119995
293.350006,304.48999
275.299988,289.359985
278.049988,272.890015
266.690002,271.160004
271.269989,268.059998
271.5,271.809998
276.820007,270.679993
281.859985,278.049988
281.209991,281.869995
291.450012,284.339996
287.410004,291
286.809998,288.700012
292.859985,288
288.029999,289.98999
288.589996,288.190002
289.570007,290.700012
291.570007,288.730011
294.179993,289.160004
292.01001,295.320007
283.109985,291.029999
289.619995,283.25
295.029999,290.589996
302.570007,296
302.600006,304.01001
305.160004,301.01001
311.690002,306
310.480011,309.100006
315.549988,308.829987
312.48999,315
315.929993,313.929993
314.660004,315.779999
309.98999,314.390015
306.160004,302.220001
304.320007,308.429993
302.859985,305.269989
307.350006,304.700012
302.5,307.350006
293.119995,296.119995
298.929993,294.48999
298.440002,295.670013
298.5,298.5
304.209991,300.850006
315.480011,307.359985
320.799988,316.26001
332.220001,324.5
336.899994,335
333.100006,337.76001
333.200012,334.01001
332.630005,334.600006
329.089996,332.959991
323.309998,329.079987
323.570007,322
329.809998,326.100006
325.899994,326.779999
335.829987,323.119995
330.75,336.470001
339.26001,331.48999
335.660004,342
329.049988,337.130005
338.920013,331.799988
338.690002,344.399994
339.070007,338.679993
338.619995,343.5
339.670013,341
338.109985,340
326,332.549988
349.600006,326.040009
353.160004,348.459991
342.880005,345.950012
348.519989,345.880005
343.160004,349
347.73999,341.100006
345.089996,347.390015
358,347.23999
369.01001,361
369.670013,375.130005
366.950012,369.600006
366.769989,365.040009
371.070007,365
373.690002,373.75
380.01001,377.179993
381.399994,376.959991
380.399994,381.470001
387.779999,379.299988
386.190002,388.119995
386,386.559998
380.070007,385.329987
368.700012,364.76001
360.089996,372
379.23999,366.309998
371.709991,371.459991
369.029999,364.209991
381.049988,373.109985
368.769989,381.029999
383.790009,377.769989
372.779999,381
368.970001,367.700012
346.48999,343.859985
364.130005,356.429993
349.920013,358.920013
315.25,326.5
336.299988,330.51001
298.839996,306.630005
319.75,306.190002
315.470001,302.399994
332.029999,324.329987
332.829987,342.309998
360.269989,347.890015
357.320007,369.98999
342.390015,361.019989
362.98999,344
357.119995,359.089996
370.959991,363
375.5,367.929993
364.079987,376.049988
370.079987,364.079987
361.76001,367.470001
379.959991,365.220001
372.279999,380
371.119995,374.01001
370.720001,371.059998
396.720001,371.309998
413.549988,397.5
426.75,413
439.170013,437
422.959991,431
437.48999,435.170013
433.829987,444.769989
421.420013,429.730011
426.700012,419.26001
424.98999,425
421.380005,425
403.829987,419.98999
411.890015,399.529999
419.850006,410.309998
415.269989,415.100006
428.149994,417.779999
424.679993,427.559998
434.26001,429.299988
436.529999,436.890015
435.549988,434.140015
440.519989,436.329987
431.820007,442
438.269989,435.690002
441.950012,444.899994
454.190002,440.700012
452.579987,451.160004
451.040009,453.399994
447.670013,454.25
436.25,448.559998
429.320007,437
414.769989,427.769989
419.890015,410.380005
413.440002,417.23999
419.730011,417.459991
425.920013,418.829987
427.309998,425.869995
421.970001,426.950012
414.329987,422.390015
419.600006,407.290009
419.48999,416
434.049988,421.649994
434.480011,436
425.559998,428.200012
418.070007,429
425.5,421.399994
436.130005,425.76001
447.769989,441.820007
449.869995,448.730011
453.720001,449.119995
468.040009,455.01001
466.26001,466.5
457.850006,468.540009
465.910004,458.859985
443.399994,466.390015
447.23999,445.230011
455.040009,450.019989
485.640015,454
476.890015,485.640015
493.809998,480.769989
493.160004,497.309998
502.779999,498.579987
507.76001,508.399994
548.72998,519.72998
525.5,567.97998
524.880005,517.080017
523.26001,516.299988
527.390015,526.47998
492.98999,494.869995
502.410004,489.140015
490.100006,506
489.820007,492.190002
477.579987,491.130005
480.450012,468.769989
495.649994,484.51001
488.51001,496.019989
484.480011,492.25
485.799988,480.709991
488.880005,488.290009
498.619995,490.859985
509.640015,498.649994
502.109985,508.679993
509.079987,504.109985
494.730011,505.450012
483.380005,493.350006
466.929993,479.75
475.470001,471.339996
481.329987,478.399994
482.679993,482.820007
482.350006,484.190002
491.869995,484.350006
484.529999,493.929993
497.899994,484.690002
492.309998,496.459991
488.809998,495.440002
490.579987,488.190002
547.530029,492.5
526.27002,537.780029
523.890015,532
529.559998,521.159973
556.549988,532.599976
552.840027,553.780029
525.75,545
516.049988,520.179993
507.019989,498.399994
500.190002,519.210022
480.670013,503.350006
482.029999,486.48999
476.26001,480.619995
495.98999,484
483.859985,499.98999
470.200012,475.160004
469.959991,472.51001
487.350006,467.690002
491.170013,489.01001
470.609985,491.040009
473.079987,470.529999
482.880005,474.390015
490.649994,489.109985
493.480011,489.5
500.029999,492.570007
527.51001,506.029999
503.059998,516.429993
520.650024,506.799988
505.869995,518.719971
534.659973,518
531.789978,533.47998
539.440002,537.830017
539.809998,548.809998
554.090027,540.559998
541.450012,562.609985
541.940002,545.52002
530.789978,549.5
530.719971,537.070007
525.419983,528.140015
489.049988,501.029999
485.230011,494.690002
488.279999,488.109985
488.23999,487.029999
488.929993,490.01001
486.23999,486.359985
504.209991,488.5
475.73999,502.01001
484.119995,478.869995
487.220001,484.929993
496.950012,495.359985
513.76001,506.559998
514.72998,515
470.5,485.540009
480.23999,470.950012
490.76001,483
486.769989,491
482.839996,486.769989
479.100006,480
480.630005,480.119995
481.790009,481.950012
484.670013,482
488.23999,485.220001
476.619995,490.459991
482.880005,478.839996
485,485.130005
491.359985,486.579987
490.700012,490.079987
504.579987,492.339996
503.380005,501.619995
497.519989,502.98999
498.309998,497.5
515.780029,500.01001
512.659973,517.900024
493.600006,510.529999
501.089996,494.559998
503.220001,495
522.419983,505.440002
519.780029,518.5
524.830017,520.109985
532.900024,529
534.450012,533.200012
528.909973,530.049988
527.330017,527.690002
514.47998,524.76001
513.969971,515.119995
519.119995,516.429993
530.869995,519.900024
524.590027,530.130005
540.72998,525.530029
522.859985,539
520.799988,521.549988
500.48999,511.970001
508.890015,508.279999
510.399994,511.309998
499.100006,507.839996
494.25,500
507.790009,495.5
500.859985,507.350006
497.980011,500
501.769989,501
586.340027,565.419983
579.840027,582.450012
565.169983,582.099976
556.780029,567
561.929993,554.72998
523.280029,550.710022
538.599976,535.880005
532.390015,538
539.039978,536.789978
548.159973,542.01001
539.450012,550.169983
552.159973,539.809998
550.789978,552.26001
547.919983,555
559.070007,546
563.590027,562.5
557.590027,564.440002
556.52002,556.940002
557.280029,557.289978
551.340027,550.98999
548.219971,549
540.219971,548
533.780029,534.98999
546.150024,525
553.409973,539.799988
546.700012,550.27002
538.849976,546.51001
550.640015,545.570007
547.820007,553.340027
520.700012,545.929993
511.290009,521.5
516.390015,511.980011
493.329987,514.460022
506.440002,507.309998
504.540009,513.5
523.059998,512.200012
518.02002,512.5
520.25,516.320007
524.030029,524.469971
524.440002,522
504.790009,516.400024
512.179993,504.959991
523.109985,509.130005
535.090027,529.869995
520.809998,533.780029
502.859985,516.98999
508.049988,502.820007
513.950012,505.660004
513.390015,510.51001
521.659973,515.669983
539.419983,529.929993
540.669983,540.01001
544.530029,544.809998
546.98999,543.5
554.580017,551.130005
555.309998,552.690002
552.780029,551.049988
553.72998,557
540.02002,554.869995
549.219971,544.169983
546.539978,550.539978
554.440002,546.900024
549.570007,554.419983
508.899994,508
508.779999,513.820007
505.549988,509.01001
510.299988,506.76001
505.549988,512.619995
506.519989,505.200012
509,507.600006
513.469971,505
509.109985,512.650024
503.179993,510.779999
496.079987,504.98999
499.549988,495.98999
503.839996,504.619995
486.690002,502
495.079987,479.75
484.980011,486.829987
486.660004,489.130005
493.369995,487.859985
488.940002,485.589996
486.279999,488.399994
487.700012,481.630005
501.670013,489.549988
497.890015,503.119995
502.899994,501.049988
501.339996,506
502.359985,502.339996
503.859985,501.799988
502.809998,504.399994
499.079987,504.01001
499.23999,499.820007
489.429993,495.190002
494.73999,492
494.660004,492.920013
492.390015,497
485.809998,494.5
487.269989,487.170013
488.769989,490
499.890015,489.679993
491.899994,501.230011
492.410004,495
498.339996,490.25
500.769989,496.399994
497,501.640015
508.820007,498.540009
512.73999,508.480011
518.059998,517.960022
527.070007,528.840027
533.030029,528.119995
533.5,533.549988
528.210022,534.059998
533.539978,525.719971
533.97998,535.5
541.640015,533
535.960022,544.23999
530.76001,530.929993
535.97998,531
537.309998,540.299988
540.679993,535.76001
547.950012,541.01001
542.950012,553.969971
530.309998,541.809998
532.280029,526.049988
531.049988,526.070007
513.630005,526.130005
511.769989,510.209991
515.409973,512.159973
516.48999,514.380005
518.909973,518.080017
519.299988,521.820007
514.25,519.960022
517.570007,512.690002
515.150024,519
510.820007,514.390015
517.349976,513
524.890015,517.130005
520.549988,524
519.969971,521.150024
515.840027,520
512.400024,517
510.720001,511.859985
515.919983,512.640015
517.919983,515.23999
518.909973,515.469971
521.869995,520
543.710022,522.73999
546.880005,545.090027
553.330017,545.97998
553.409973,551.47998
547.580017,550.159973
550.119995,546.159973
558.919983,551.599976
566.179993,557.25
569.190002,566.119995
582.070007,569
588.549988,583.679993
590.530029,585.799988
606.710022,594.690002
606.049988,603.840027
597.539978,606.469971
598.719971,598.159973
589.289978,598.570007
577.76001,584.890015
582.869995,578.169983
586.5,584.299988
589.349976,587.849976
575.429993,586.789978
573.140015,578.309998
590.650024,579.690002
593.26001,590.789978
592.390015,592.5
592.640015,587.950012
583.849976,589
599.059998,589.01001
610.340027,608.049988
613.150024,604.23999
603.349976,613.390015
634.809998,606.940002
639.099976,628.179993
631.849976,642.22998
632.659973,634.169983
627.039978,633.200012
624.940002,633.02002
629.76001,632.179993
633.799988,632.22998
628.289978,638
637.969971,632.099976
639,636.969971
625.140015,625.570007
653.159973,628.890015
664.780029,651.809998
671.659973,663.73999
668.52002,673.76001
662.919983,669
674.049988,670.950012
690.309998,673.059998
681.169983,689.059998
677.719971,683.109985
688.289978,677.27002
668.400024,685.890015
645.719971,663.969971
651.450012,650.289978
655.98999,653.700012
646.909973,653.01001
657.580017,650.23999
682.609985,660.01001
679.330017,681.23999
687.400024,678.27002
691.690002,690
682.02002,691.609985
678.799988,692.349976
659.200012,676.02002
654.059998,658.179993
658.289978,658.01001
665.640015,675
663.840027,663.200012
641.900024,668.200012
617.77002,649.47998
616.469971,617.099976
602.130005,622.75
612.690002,606.01001
625.580017,619.830017
628.080017,630
611,627.580017
611.659973,616.780029
604.559998,612
597.98999,598.710022
605.039978,598.179993
591.059998,597.090027
586.72998,591.609985
604.919983,597.539978
614.23999,603.359985
614.090027,616.400024
613.119995,615
610.710022,614.950012
610.539978,610.710022
612.090027,612.98999
602.440002,610.01001
